Date,Event Link,Event,Location,Venue,Attendance
2026-08-22,http://ufcstats.com/event-details/a0a69dc9914ef6e1,UFC Fight Night: Hernandez vs. Rodrigues,"Sacramento, California, USA",Golden 1 Center,16867
2026-08-15,http://ufcstats.com/event-details/b96619b3acd7d9da,UFC 330: Makhachev vs. Machado Garry,"Philadelphia, Pennsylvania, USA",Xfinity Mobile Arena,19236
2026-08-08,http://ufcstats.com/event-details/495add4fbede0a44,UFC Fight Night: Gamrot vs. Salkilld,"Las Vegas, Nevada, USA",Meta Apex,
2026-08-01,http://ufcstats.com/event-details/1a50e734bb54861a,UFC Fight Night: Medic vs. Rodriguez,"Belgrade, Vojvodina, Serbia",Belgrade Arena,18623
2026-07-25,http://ufcstats.com/event-details/681d07e328798ec0,UFC Fight Night: Ankalaev vs. Guskov,"Abu Dhabi, Abu Dhabi, United Arab Emirates",Etihad Arena,
2026-07-18,http://ufcstats.com/event-details/f354c50b8d63d9b3,UFC Fight Night: Du Plessis vs. Usman,"Oklahoma City, Oklahoma, USA",Paycom Center,17173
2026-07-11,http://ufcstats.com/event-details/fccb0fee256b7b4d,UFC 329: McGregor vs. Holloway 2,"Las Vegas, Nevada, USA",T-Mobile Arena,20078
2026-06-27,http://ufcstats.com/event-details/31e1ea6fe6b682f8,UFC Fight Night: Fiziev vs. Torres,"Baku, Azerbaijan",National Gymnastics Arena,
2026-06-20,http://ufcstats.com/event-details/c8661e204c66f325,UFC Fight Night: Kape vs. Horiguchi,"Las Vegas, Nevada, USA",Meta Apex,
2026-06-14,http://ufcstats.com/event-details/48544433372ecfa6,UFC Freedom 250,"Washington, DC, USA",White House,
2026-06-06,http://ufcstats.com/event-details/ba17afef01ed78b6,UFC Fight Night: Muhammad vs. Bonfim,"Las Vegas, Nevada, USA",Meta Apex,
2026-05-30,http://ufcstats.com/event-details/1e75e6c9de99fa76,UFC Fight Night: Song vs. Figueiredo,"Macau, China",Galaxy Arena,12647
2026-05-16,http://ufcstats.com/event-details/73abb7a5c57fb443,UFC Fight Night: Allen vs. Costa,"Las Vegas, Nevada, USA",Meta Apex,
2026-05-09,http://ufcstats.com/event-details/9eedac48b497de5a,UFC 328: Chimaev vs. Strickland,"Newark, New Jersey, USA",Prudential Center,17783
2026-05-02,http://ufcstats.com/event-details/872b018076f831b0,UFC Fight Night: Della Maddalena vs. Prates,"Perth, Western Australia, Australia",RAC Arena,13839
2026-04-25,http://ufcstats.com/event-details/e60d773a0a42048a,UFC Fight Night: Sterling vs. Zalal,"Las Vegas, Nevada, USA",Meta Apex,
2026-04-18,http://ufcstats.com/event-details/c3ac8d0da7b05772,UFC Fight Night: Burns vs. Malott,"Winnipeg, Manitoba, Canada",Canada Life Centre,14051
2026-04-11,http://ufcstats.com/event-details/f3eb664db7fb1df3,UFC 327: Prochazka vs. Ulberg,"Miami, Florida, USA",Kaseya Center,17741
2026-04-04,http://ufcstats.com/event-details/9a70f67ad2187fa3,UFC Fight Night: Moicano vs. Duncan,"Las Vegas, Nevada, USA",Meta Apex,
2026-03-28,http://ufcstats.com/event-details/5c38639f860a5542,UFC Fight Night: Adesanya vs. Pyfer,"Seattle, Washington, USA",Climate Pledge Arena,17854
2026-03-21,http://ufcstats.com/event-details/69108cb8b32efe04,UFC Fight Night: Evloev vs. Murphy,"London, England, United Kingdom",The O 2 Arena,18629
2026-03-14,http://ufcstats.com/event-details/babc6b5745335f18,UFC Fight Night: Emmett vs. Vallejos,"Las Vegas, Nevada, USA",Meta Apex,
2026-03-07,http://ufcstats.com/event-details/15ec018d144710db,UFC 326: Holloway vs. Oliveira 2,"Las Vegas, Nevada, USA",T-Mobile Arena,19480
2026-02-28,http://ufcstats.com/event-details/0cfbbfa0ba6d9855,UFC Fight Night: Moreno vs. Kavanagh,"Mexico City, Distrito Federal, Mexico",Arena CDMX,16454
2026-02-21,http://ufcstats.com/event-details/79ab17db3b40831a,UFC Fight Night: Strickland vs. Hernandez,"Houston, Texas, USA",Toyota Center,17160
2026-02-07,http://ufcstats.com/event-details/c337c3c85b1871e0,UFC Fight Night: Bautista vs. Oliveira,"Las Vegas, Nevada, USA",Meta Apex,
2026-01-31,http://ufcstats.com/event-details/30ad2050273d016a,UFC 325: Volkanovski vs. Lopes 2,"Sydney, New South Wales, Australia",Qudos Bank Arena,18102
2026-01-24,http://ufcstats.com/event-details/00e11b5c8b7bfeeb,UFC 324: Gaethje vs. Pimblett,"Las Vegas, Nevada, USA",T-Mobile Arena,19481
2025-12-13,http://ufcstats.com/event-details/bc0f994de0521926,UFC Fight Night: Royval vs. Kape,"Las Vegas, Nevada, USA",UFC Apex,
2025-12-06,http://ufcstats.com/event-details/bd92cf5da5413d2a,UFC 323: Dvalishvili vs. Yan 2,"Las Vegas, Nevada, USA",T-Mobile Arena,18603
2025-11-22,http://ufcstats.com/event-details/92c96df8bdab5fea,UFC Fight Night: Tsarukyan vs. Hooker,"Doha, Qatar",Ali Bin Hamad al-Attiyah Arena,
2025-11-15,http://ufcstats.com/event-details/8db1b36dde268ef6,UFC 322: Della Maddalena vs. Makhachev,"New York City, New York, USA",Madison Square Garden,20664
2025-11-08,http://ufcstats.com/event-details/6436029b50a9c255,UFC Fight Night: Bonfim vs. Brown,"Las Vegas, Nevada, USA",UFC Apex,
2025-11-01,http://ufcstats.com/event-details/0e2c2daf11b5d8f2,UFC Fight Night: Garcia vs. Onama,"Las Vegas, Nevada, USA",UFC Apex,
2025-10-25,http://ufcstats.com/event-details/7956f026e2672c47,UFC 321: Aspinall vs. Gane,"Abu Dhabi, Abu Dhabi, United Arab Emirates",Etihad Arena,13220
2025-10-18,http://ufcstats.com/event-details/38e5d9dcb0fddc42,UFC Fight Night: De Ridder vs. Allen,"Vancouver, British Columbia, Canada",Rogers Arena,17671
2025-10-11,http://ufcstats.com/event-details/9336e86cfd4ceaa1,UFC Fight Night: Oliveira vs. Gamrot,"Rio de Janeiro, Rio de Janeiro, Brazil",Farmasi Arena,16297
2025-10-04,http://ufcstats.com/event-details/8944a0f9b2f0ce6d,UFC 320: Ankalaev vs. Pereira 2,"Las Vegas, Nevada, USA",T-Mobile Arena,19081
2025-09-27,http://ufcstats.com/event-details/ed220e87bef0cc64,UFC Fight Night: Ulberg vs. Reyes,"Perth, Western Australia, Australia",RAC Arena,12543
2025-09-13,http://ufcstats.com/event-details/5efaaf313b652dd7,Noche UFC: Lopes vs. Silva,"San Antonio, Texas, USA",Frost Bank Center,18005
2025-09-06,http://ufcstats.com/event-details/6e380a4d73ab4f0e,UFC Fight Night: Imavov vs. Borralho,"Paris, Ile-de-France, France",Accor Arena,15724
2025-08-23,http://ufcstats.com/event-details/754968e325d6f60d,UFC Fight Night: Walker vs. Zhang,"Shanghai, Hebei, China",Shanghai Indoor Stadium,
2025-08-16,http://ufcstats.com/event-details/421ccfc6ddb17958,UFC 319: Du Plessis vs. Chimaev,"Chicago, Illinois, USA",United Center,20023
2025-08-09,http://ufcstats.com/event-details/6cd3dfc54f01287f,UFC Fight Night: Dolidze vs. Hernandez,"Las Vegas, Nevada, USA",UFC Apex,
2025-08-02,http://ufcstats.com/event-details/f2c934689243fe4e,UFC Fight Night: Taira vs. Park,"Las Vegas, Nevada, USA",UFC Apex,
2025-07-26,http://ufcstats.com/event-details/28d8638ea0a71908,UFC Fight Night: Whittaker vs. De Ridder,"Abu Dhabi, Abu Dhabi, United Arab Emirates",Etihad Arena,
2025-07-19,http://ufcstats.com/event-details/b8e2f10efb6eca85,UFC 318: Holloway vs. Poirier 3,"New Orleans, Louisiana, USA",Smoothie King Center,18138
2025-07-12,http://ufcstats.com/event-details/7b03d9df5910917d,UFC Fight Night: Lewis vs. Teixeira,"Nashville, Tennessee, USA",Bridgestone Arena,17007
2025-06-28,http://ufcstats.com/event-details/66766984842c13dc,UFC 317: Topuria vs. Oliveira,"Las Vegas, Nevada, USA",T-Mobile Arena,19800
2025-06-21,http://ufcstats.com/event-details/400c7b43c86d27d3,UFC Fight Night: Hill vs. Rountree Jr.,"Baku, Azerbaijan",Baku Crystal Hall,14424
2025-06-14,http://ufcstats.com/event-details/de277a4abcfeea46,UFC Fight Night: Usman vs. Buckley,"Atlanta, Georgia, USA",State Farm Arena,17204
2025-06-07,http://ufcstats.com/event-details/18c49685296c60e6,UFC 316: Dvalishvili vs. O'Malley 2,"Newark, New Jersey, USA",Prudential Center,17343
2025-05-31,http://ufcstats.com/event-details/2a898bf9fb7710b3,UFC Fight Night: Blanchfield vs. Barber,"Las Vegas, Nevada, USA",UFC Apex,
2025-05-17,http://ufcstats.com/event-details/8ad022dd81224f61,UFC Fight Night: Burns vs. Morales,"Las Vegas, Nevada, USA",UFC Apex,
2025-05-10,http://ufcstats.com/event-details/118463dd8db16e7f,UFC 315: Muhammad vs. Della Maddalena,"Montreal, Quebec, Canada",Bell Centre,19786
2025-05-03,http://ufcstats.com/event-details/de20ffb3fc2e7629,UFC Fight Night: Sandhagen vs. Figueiredo,"Des Moines, Iowa, USA",Wells Fargo Arena,15627
2025-04-26,http://ufcstats.com/event-details/b2e3aca4cd363477,UFC Fight Night: Machado Garry vs. Prates,"Kansas City, Missouri, USA",T-Mobile Center,15984
2025-04-12,http://ufcstats.com/event-details/22f4b6cb6b1bd7fd,UFC 314: Volkanovski vs. Lopes,"Miami, Florida, USA",Kaseya Center,18287
2025-04-05,http://ufcstats.com/event-details/86b30a86664cb6e4,UFC Fight Night: Emmett vs. Murphy,"Las Vegas, Nevada, USA",UFC Apex,
2025-03-29,http://ufcstats.com/event-details/0f7210aa8d61af8d,UFC Fight Night: Moreno vs. Erceg,"Mexico City, Distrito Federal, Mexico",Arena CDMX,19731
2025-03-22,http://ufcstats.com/event-details/cc2ad11b1f9d818b,UFC Fight Night: Edwards vs. Brady,"London, England, United Kingdom",The O 2 Arena,18583
2025-03-15,http://ufcstats.com/event-details/39f62b833e4cf126,UFC Fight Night: Vettori vs. Dolidze 2,"Las Vegas, Nevada, USA",UFC Apex,
2025-03-08,http://ufcstats.com/event-details/ca936c67687789e9,UFC 313: Pereira vs. Ankalaev,"Las Vegas, Nevada, USA",T-Mobile Arena,18869
2025-03-01,http://ufcstats.com/event-details/9766ed20b68c7c33,UFC Fight Night: Kape vs. Almabayev,"Las Vegas, Nevada, USA",UFC Apex,
2025-02-22,http://ufcstats.com/event-details/c50ea21fe9ef478d,UFC Fight Night: Cejudo vs. Song,"Seattle, Washington, USA",Climate Pledge Arena,18287
2025-02-15,http://ufcstats.com/event-details/ce7871949b0ed2bf,UFC Fight Night: Cannonier vs. Rodrigues,"Las Vegas, Nevada, USA",UFC Apex,
2025-02-08,http://ufcstats.com/event-details/e6015889f50075d2,UFC 312: Du Plessis vs. Strickland 2,"Sydney, New South Wales, Australia",Qudos Bank Arena,18537
2025-02-01,http://ufcstats.com/event-details/80dbeb1dd5b53e64,UFC Fight Night: Adesanya vs. Imavov,"Riyadh, Riyadh, Saudi Arabia",anb Arena,
2025-01-18,http://ufcstats.com/event-details/39f68882def7a507,UFC 311: Makhachev vs. Moicano,"Inglewood, California, USA",Intuit Dome,18370
2025-01-11,http://ufcstats.com/event-details/81ddc98fceb30086,UFC Fight Night: Dern vs. Ribas 2,"Las Vegas, Nevada, USA",UFC Apex,
2024-12-14,http://ufcstats.com/event-details/72c9c2eadfc3277e,UFC Fight Night: Covington vs. Buckley,"Tampa, Florida, USA",Amalie Arena,18625
2024-12-07,http://ufcstats.com/event-details/ad23903ef3af7406,UFC 310: Pantoja vs. Asakura,"Las Vegas, Nevada, USA",T-Mobile Arena,18648
2024-11-23,http://ufcstats.com/event-details/e955046551f8c7dd,UFC Fight Night: Yan vs. Figueiredo,"Macau, China",Galaxy Arena,12615
2024-11-16,http://ufcstats.com/event-details/daff32bc96d1eabf,UFC 309: Jones vs. Miocic,"New York City, New York, USA",Madison Square Garden,20200
2024-11-09,http://ufcstats.com/event-details/585f9ffdb0cd0466,UFC Fight Night: Magny vs. Prates,"Las Vegas, Nevada, USA",UFC Apex,
2024-11-02,http://ufcstats.com/event-details/3ab0df1ddd5f1dc2,UFC Fight Night: Moreno vs. Albazi,"Edmonton, Alberta, Canada",Rogers Place,16439
2024-10-26,http://ufcstats.com/event-details/221b2a3070c7ce3e,UFC 308: Topuria vs. Holloway,"Abu Dhabi, Abu Dhabi, United Arab Emirates",Etihad Arena,
2024-10-19,http://ufcstats.com/event-details/6a0047ac8c99fece,UFC Fight Night: Hernandez vs. Pereira,"Las Vegas, Nevada, USA",UFC Apex,
2024-10-12,http://ufcstats.com/event-details/5bdcbd8dd681a257,UFC Fight Night: Royval vs. Taira,"Las Vegas, Nevada, USA",UFC Apex,
2024-10-05,http://ufcstats.com/event-details/eee8efec7b951d84,UFC 307: Pereira vs. Rountree Jr.,"Salt Lake City, Utah, USA",Delta Center,17487
2024-09-28,http://ufcstats.com/event-details/079488710f012779,UFC Fight Night: Moicano vs. Saint Denis,"Paris, Ile-de-France, France",Accor Arena,15449
2024-09-14,http://ufcstats.com/event-details/0c01568b1ac77bff,UFC 306: Riyadh Season Noche UFC,"Las Vegas, Nevada, USA",Sphere,16024
2024-09-07,http://ufcstats.com/event-details/ee0b69e307c857e5,UFC Fight Night: Burns vs. Brady,"Las Vegas, Nevada, USA",UFC Apex,
2024-08-24,http://ufcstats.com/event-details/be8ad887e4d674b0,UFC Fight Night: Cannonier vs. Borralho,"Las Vegas, Nevada, USA",UFC Apex,
2024-08-17,http://ufcstats.com/event-details/32ba186f4b0e3267,UFC 305: Du Plessis vs. Adesanya,"Perth, Western Australia, Australia",RAC Arena,14152
2024-08-10,http://ufcstats.com/event-details/2c733e059462c1dc,UFC Fight Night: Tybura vs. Spivac 2,"Las Vegas, Nevada, USA",UFC Apex,
2024-08-03,http://ufcstats.com/event-details/fe435e440b5de0ff,UFC Fight Night: Sandhagen vs. Nurmagomedov,"Abu Dhabi, Abu Dhabi, United Arab Emirates",Etihad Arena,
2024-07-27,http://ufcstats.com/event-details/026b4f7049085842,UFC 304: Edwards vs. Muhammad 2,"Manchester, England, United Kingdom",Co-op Live,17907
2024-07-20,http://ufcstats.com/event-details/c11036da9162cb5f,UFC Fight Night: Lemos vs. Jandiroba,"Las Vegas, Nevada, USA",UFC Apex,
2024-07-13,http://ufcstats.com/event-details/66e0a70352fef46a,UFC Fight Night: Namajunas vs. Cortez,"Denver, Colorado, USA",Ball Arena,16884
2024-06-29,http://ufcstats.com/event-details/f3743d8ef5dde970,UFC 303: Pereira vs. Prochazka 2,"Las Vegas, Nevada, USA",T-Mobile Arena,18881
2024-06-22,http://ufcstats.com/event-details/b12a1d19ee383b7c,UFC Fight Night: Whittaker vs. Aliskerov,"Riyadh, Riyadh, Saudi Arabia",Kingdom Arena,
2024-06-15,http://ufcstats.com/event-details/9c5828c6fd9dc948,UFC Fight Night: Perez vs. Taira,"Las Vegas, Nevada, USA",UFC Apex,
2024-06-08,http://ufcstats.com/event-details/cba3a2dfbc06ce79,UFC Fight Night: Cannonier vs. Imavov,"Louisville, Kentucky, USA",KFC Yum! Center,19578
2024-06-01,http://ufcstats.com/event-details/6e4acc2c115215b5,UFC 302: Makhachev vs. Poirier,"Newark, New Jersey, USA",Prudential Center,17834
2024-05-18,http://ufcstats.com/event-details/46baf0f57edfa4df,UFC Fight Night: Barboza vs. Murphy,"Las Vegas, Nevada, USA",UFC Apex,
2024-05-11,http://ufcstats.com/event-details/5dfe71ade71f3a4b,UFC Fight Night: Lewis vs. Nascimento,"St. Louis, Missouri, USA",Enterprise Center,15960
2024-05-04,http://ufcstats.com/event-details/981ab7a0576f76a0,UFC 301: Pantoja vs. Erceg,"Rio de Janeiro, Rio de Janeiro, Brazil",Farmasi Arena,14514
2024-04-27,http://ufcstats.com/event-details/a16ce18149021139,UFC Fight Night: Nicolau vs. Perez,"Las Vegas, Nevada, USA",UFC Apex,
2024-04-13,http://ufcstats.com/event-details/6750e338922a099d,UFC 300: Pereira vs. Hill,"Las Vegas, Nevada, USA",T-Mobile Arena,20067
2024-04-06,http://ufcstats.com/event-details/899eaba48fa864a6,UFC Fight Night: Allen vs. Curtis 2,"Las Vegas, Nevada, USA",UFC Apex,
2024-03-30,http://ufcstats.com/event-details/dba230fe33011201,UFC Fight Night: Blanchfield vs. Fiorot,"Atlantic City, New Jersey, USA",Boardwalk Hall,12198
2024-03-23,http://ufcstats.com/event-details/79ff6545b0abc685,UFC Fight Night: Ribas vs. Namajunas,"Las Vegas, Nevada, USA",UFC Apex,
2024-03-16,http://ufcstats.com/event-details/c398235fcaf8d71d,UFC Fight Night: Tuivasa vs. Tybura,"Las Vegas, Nevada, USA",UFC Apex,
2024-03-09,http://ufcstats.com/event-details/a9df5ae20a97b090,UFC 299: O'Malley vs. Vera 2,"Miami, Florida, USA",Kaseya Center,19165
2024-03-02,http://ufcstats.com/event-details/e4a9dbade7c7e1a7,UFC Fight Night: Rozenstruik vs. Gaziev,"Las Vegas, Nevada, USA",UFC Apex,
2024-02-24,http://ufcstats.com/event-details/902ab9197b83d0db,UFC Fight Night: Moreno vs. Royval 2,"Mexico City, Distrito Federal, Mexico",Arena CDMX,21546
2024-02-17,http://ufcstats.com/event-details/dab0e6cb8c932162,UFC 298: Volkanovski vs. Topuria,"Anaheim, California, USA",Honda Center,18186
2024-02-10,http://ufcstats.com/event-details/eaea0fc7b76525a8,UFC Fight Night: Hermansson vs. Pyfer,"Las Vegas, Nevada, USA",UFC Apex,
2024-02-03,http://ufcstats.com/event-details/cce79e827569f26e,UFC Fight Night: Dolidze vs. Imavov,"Las Vegas, Nevada, USA",UFC Apex,
2024-01-20,http://ufcstats.com/event-details/bd85ca0bb4f26cfc,UFC 297: Strickland vs. Du Plessis,"Toronto, Ontario, Canada",Scotiabank Arena,18559
2024-01-13,http://ufcstats.com/event-details/010986ee359fb863,UFC Fight Night: Ankalaev vs. Walker 2,"Las Vegas, Nevada, USA",UFC Apex,
2023-12-16,http://ufcstats.com/event-details/a8e8587a06e73c87,UFC 296: Edwards vs. Covington,"Las Vegas, Nevada, USA",T-Mobile Arena,19039
2023-12-09,http://ufcstats.com/event-details/5ef0088c1b19beeb,UFC Fight Night: Song vs. Gutierrez,"Las Vegas, Nevada, USA",UFC Apex,
2023-12-02,http://ufcstats.com/event-details/53e4e21f4c688801,UFC Fight Night: Dariush vs. Tsarukyan,"Austin, Texas, USA",Moody Center,14485
2023-11-18,http://ufcstats.com/event-details/3feed7d02711d8b7,UFC Fight Night: Allen vs. Craig,"Las Vegas, Nevada, USA",UFC Apex,
2023-11-11,http://ufcstats.com/event-details/5a558ba1ff5e9121,UFC 295: Prochazka vs. Pereira,"New York City, New York, USA",Madison Square Garden,19039
2023-11-04,http://ufcstats.com/event-details/7c4ec656d8fcb867,UFC Fight Night: Almeida vs. Lewis,"Sao Paulo, Sao Paulo, Brazil",Ginásio do Ibirapuera,10792
2023-10-21,http://ufcstats.com/event-details/13a0fb8fbdafb54f,UFC 294: Makhachev vs. Volkanovski 2,"Abu Dhabi, Abu Dhabi, United Arab Emirates",Etihad Arena,
2023-10-14,http://ufcstats.com/event-details/f3a078277b3b8ff4,UFC Fight Night: Yusuff vs. Barboza,"Las Vegas, Nevada, USA",UFC Apex,
2023-10-07,http://ufcstats.com/event-details/c8a49ff2acb6f3c5,UFC Fight Night: Dawson vs. Green,"Las Vegas, Nevada, USA",UFC Apex,
2023-09-23,http://ufcstats.com/event-details/c945adc22c2bfe8f,UFC Fight Night: Fiziev vs. Gamrot,"Las Vegas, Nevada, USA",UFC Apex,
2023-09-16,http://ufcstats.com/event-details/8fa2b06572365321,Noche UFC: Grasso vs. Shevchenko 2,"Las Vegas, Nevada, USA",T-Mobile Arena,18766
2023-09-09,http://ufcstats.com/event-details/ece280745f8727b8,UFC 293: Adesanya vs. Strickland,"Sydney, New South Wales, Australia",Qudos Bank Arena,18168
2023-09-02,http://ufcstats.com/event-details/ef61d9f5176b3200,UFC Fight Night: Gane vs. Spivac,"Paris, Ile-de-France, France",Accor Arena,15610
2023-08-26,http://ufcstats.com/event-details/89a407032911e27e,UFC Fight Night: Holloway vs. The Korean Zombie,"Kallang, Singapore",Singapore Indoor Stadium,10263
2023-08-19,http://ufcstats.com/event-details/2719f300b0439039,UFC 292: Sterling vs. O'Malley,"Boston, Massachusetts, USA",TD Garden,18293
2023-08-12,http://ufcstats.com/event-details/d2fa318f34d0aadc,UFC Fight Night: Luque vs. Dos Anjos,"Las Vegas, Nevada, USA",UFC Apex,
2023-08-05,http://ufcstats.com/event-details/6f81b6de2557739a,UFC Fight Night: Sandhagen vs. Font,"Nashville, Tennessee, USA",Bridgestone Arena,17792
2023-07-29,http://ufcstats.com/event-details/ccd58ff71e260ed5,UFC 291: Poirier vs. Gaethje 2,"Salt Lake City, Utah, USA",Delta Center,18467
2023-07-22,http://ufcstats.com/event-details/1174782eacde9b0c,UFC Fight Night: Aspinall vs. Tybura,"London, England, United Kingdom",The O2 Arena,15078
2023-07-15,http://ufcstats.com/event-details/c9885b1b7c7055a0,UFC Fight Night: Holm vs. Bueno Silva,"Las Vegas, Nevada, USA",UFC Apex,
2023-07-08,http://ufcstats.com/event-details/6085ceb59087514b,UFC 290: Volkanovski vs. Rodriguez,"Las Vegas, Nevada, USA",T-Mobile Arena,19204
2023-07-01,http://ufcstats.com/event-details/e9e1acc96536bb4f,UFC Fight Night: Strickland vs. Magomedov,"Las Vegas, Nevada, USA",UFC Apex,
2023-06-24,http://ufcstats.com/event-details/a780d16cf7eed44d,UFC Fight Night: Emmett vs. Topuria,"Jacksonville, Florida, USA",VyStar Veterans Memorial Arena,14101
2023-06-17,http://ufcstats.com/event-details/b9415726dc3ec526,UFC Fight Night: Vettori vs. Cannonier,"Las Vegas, Nevada, USA",UFC Apex,
2023-06-10,http://ufcstats.com/event-details/b6c6d1731ff00eeb,UFC 289: Nunes vs. Aldana,"Vancouver, British Columbia, Canada",Rogers Arena,17628
2023-06-03,http://ufcstats.com/event-details/7abe471b61725980,UFC Fight Night: Kara-France vs. Albazi,"Las Vegas, Nevada, USA",UFC Apex,
2023-05-20,http://ufcstats.com/event-details/6f812143641ceff8,UFC Fight Night: Dern vs. Hill,"Las Vegas, Nevada, USA",UFC Apex,
2023-05-13,http://ufcstats.com/event-details/901cddcbfa079097,UFC Fight Night: Rozenstruik vs. Almeida,"Charlotte, North Carolina, USA",Spectrum Center,18712
2023-05-06,http://ufcstats.com/event-details/3c6976f8182d9527,UFC 288: Sterling vs. Cejudo,"Newark, New Jersey, USA",Prudential Center,17559
2023-04-29,http://ufcstats.com/event-details/51b1e2fd9872005b,UFC Fight Night: Song vs. Simon,"Las Vegas, Nevada, USA",UFC Apex,
2023-04-22,http://ufcstats.com/event-details/6fb1ba67bef41b37,UFC Fight Night: Pavlovich vs. Blaydes,"Las Vegas, Nevada, USA",UFC Apex,
2023-04-15,http://ufcstats.com/event-details/15b1b21cd743d652,UFC Fight Night: Holloway vs. Allen,"Kansas City, Missouri, USA",T-Mobile Center,16234
2023-04-08,http://ufcstats.com/event-details/3dc3022232b79c7a,UFC 287: Pereira vs. Adesanya 2,"Miami, Florida, USA",Kaseya Center,19032
2023-03-25,http://ufcstats.com/event-details/aec273fcb765330d,UFC Fight Night: Vera vs. Sandhagen,"San Antonio, Texas, USA",Frost Bank Center,16076
2023-03-18,http://ufcstats.com/event-details/e4bb7e483c4ad318,UFC 286: Edwards vs. Usman 3,"London, England, United Kingdom",The O2 Arena,17588
2023-03-11,http://ufcstats.com/event-details/35080a7f406f9ab3,UFC Fight Night: Yan vs. Dvalishvili,"Las Vegas, Nevada, USA",The Theater at Virgin Hotels,2361
2023-03-04,http://ufcstats.com/event-details/1ccff7f0cfdf85eb,UFC 285: Jones vs. Gane,"Las Vegas, Nevada, USA",T-Mobile Arena,19471
2023-02-25,http://ufcstats.com/event-details/806975e1b4f47b27,UFC Fight Night: Muniz vs. Allen,"Las Vegas, Nevada, USA",UFC Apex,
2023-02-18,http://ufcstats.com/event-details/f21a3d68fb9df387,UFC Fight Night: Andrade vs. Blanchfield,"Las Vegas, Nevada, USA",UFC Apex,
2023-02-11,http://ufcstats.com/event-details/01dd4cdc2446f665,UFC 284: Makhachev vs. Volkanovski,"Perth, Western Australia, Australia",RAC Arena,14124
2023-02-04,http://ufcstats.com/event-details/d26394fc0e8e880a,UFC Fight Night: Lewis vs. Spivac,"Las Vegas, Nevada, USA",UFC Apex,
2023-01-21,http://ufcstats.com/event-details/5717efc6f271cd52,UFC 283: Teixeira vs. Hill,"Rio de Janeiro, Rio de Janeiro, Brazil",Jeunesse Arena,13604
2023-01-14,http://ufcstats.com/event-details/2e2cdb6e9eb84bb9,UFC Fight Night: Strickland vs. Imavov,"Las Vegas, Nevada, USA",UFC Apex,
2022-12-17,http://ufcstats.com/event-details/56ec58954158966a,UFC Fight Night: Cannonier vs. Strickland,"Las Vegas, Nevada, USA",UFC Apex,
2022-12-10,http://ufcstats.com/event-details/f65a0eb902f9476b,UFC 282: Blachowicz vs. Ankalaev,"Las Vegas, Nevada, USA",T-Mobile Arena,18455
2022-12-03,http://ufcstats.com/event-details/b23388ff8ac6637b,UFC Fight Night: Thompson vs. Holland,"Orlando, Florida, USA",Kia Center,17065
2022-11-19,http://ufcstats.com/event-details/012fc7cd0779c09a,UFC Fight Night: Nzechukwu vs. Cutelaba,"Las Vegas, Nevada, USA",UFC Apex,
2022-11-12,http://ufcstats.com/event-details/b3b6e80b7d5f8f0d,UFC 281: Adesanya vs. Pereira,"New York City, New York, USA",Madison Square Garden,20845
2022-11-05,http://ufcstats.com/event-details/756f45905fb20cb5,UFC Fight Night: Rodriguez vs. Lemos,"Las Vegas, Nevada, USA",UFC Apex,
2022-10-29,http://ufcstats.com/event-details/be5aab761c40ef35,UFC Fight Night: Kattar vs. Allen,"Las Vegas, Nevada, USA",UFC Apex,
2022-10-22,http://ufcstats.com/event-details/885e7f70dcac0007,UFC 280: Oliveira vs. Makhachev,"Abu Dhabi, Abu Dhabi, United Arab Emirates",Etihad Arena,13400
2022-10-15,http://ufcstats.com/event-details/49c29e57d4e2be6f,UFC Fight Night: Grasso vs. Araujo,"Las Vegas, Nevada, USA",UFC Apex,
2022-10-01,http://ufcstats.com/event-details/4f670b7972fa0a2e,UFC Fight Night: Dern vs. Yan,"Las Vegas, Nevada, USA",UFC Apex,
2022-09-17,http://ufcstats.com/event-details/8d477c3fbe001f9d,UFC Fight Night: Sandhagen vs. Song,"Las Vegas, Nevada, USA",UFC Apex,
2022-09-10,http://ufcstats.com/event-details/93bf96be327fcd98,UFC 279: Diaz vs. Ferguson,"Las Vegas, Nevada, USA",T-Mobile Arena,19125
2022-09-03,http://ufcstats.com/event-details/00a905a4a4a2b071,UFC Fight Night: Gane vs. Tuivasa,"Paris, Ile-de-France, France",Accor Arena,15405
2022-08-20,http://ufcstats.com/event-details/4f853e98886283cf,UFC 278: Usman vs. Edwards,"Salt Lake City, Utah, USA",Vivint Arena,18321
2022-08-13,http://ufcstats.com/event-details/a23e63184c65f5b8,UFC Fight Night: Vera vs. Cruz,"San Diego, California, USA",Pechanga Arena,12804
2022-08-06,http://ufcstats.com/event-details/8f6a18831a120817,UFC Fight Night: Santos vs. Hill,"Las Vegas, Nevada, USA",UFC Apex,
2022-07-30,http://ufcstats.com/event-details/b0a6124751a56bc4,UFC 277: Pena vs. Nunes 2,"Dallas, Texas, USA",American Airlines Center,19442
2022-07-23,http://ufcstats.com/event-details/319c15b8aac5bfde,UFC Fight Night: Blaydes vs. Aspinall,"London, England, United Kingdom",The O2 Arena,17813
2022-07-16,http://ufcstats.com/event-details/8fd76e1b49c00ae2,UFC Fight Night: Ortega vs. Rodriguez,"Elmont, New York, USA",UBS Arena,16979
2022-07-09,http://ufcstats.com/event-details/31da66df48c0c1a0,UFC Fight Night: Dos Anjos vs. Fiziev,"Las Vegas, Nevada, USA",UFC Apex,
2022-07-02,http://ufcstats.com/event-details/4a9e305633f3ef47,UFC 276: Adesanya vs. Cannonier,"Las Vegas, Nevada, USA",T-Mobile Arena,19649
2022-06-25,http://ufcstats.com/event-details/eb42d4febfafefd1,UFC Fight Night: Tsarukyan vs. Gamrot,"Las Vegas, Nevada, USA",UFC Apex,
2022-06-18,http://ufcstats.com/event-details/a0a680fe2f6cc8e6,UFC Fight Night: Kattar vs. Emmett,"Austin, Texas, USA",Moody Center,13689
2022-06-11,http://ufcstats.com/event-details/3a24769a4855040a,UFC 275: Teixeira vs. Prochazka,"Kallang, Singapore",Singapore Indoor Stadium,10787
2022-06-04,http://ufcstats.com/event-details/57591bbf1623574e,UFC Fight Night: Volkov vs. Rozenstruik,"Las Vegas, Nevada, USA",UFC Apex,
2022-05-21,http://ufcstats.com/event-details/a6c32678efd4f434,UFC Fight Night: Holm vs. Vieira,"Las Vegas, Nevada, USA",UFC Apex,
2022-05-14,http://ufcstats.com/event-details/60ba33c3f555a7a3,UFC Fight Night: Blachowicz vs. Rakic,"Las Vegas, Nevada, USA",UFC Apex,
2022-05-07,http://ufcstats.com/event-details/253d3f9e97ca149a,UFC 274: Oliveira vs. Gaethje,"Phoenix, Arizona, USA",Footprint Center,17232
2022-04-30,http://ufcstats.com/event-details/6bf5a7d3e081ade2,UFC Fight Night: Font vs. Vera,"Las Vegas, Nevada, USA",UFC Apex,
2022-04-23,http://ufcstats.com/event-details/236a37d96d476164,UFC Fight Night: Lemos vs. Andrade,"Las Vegas, Nevada, USA",UFC Apex,
2022-04-16,http://ufcstats.com/event-details/8753e125f4499816,UFC Fight Night: Luque vs. Muhammad,"Las Vegas, Nevada, USA",UFC Apex,
2022-04-09,http://ufcstats.com/event-details/3a97fda0de6f1fa4,UFC 273: Volkanovski vs. The Korean Zombie,"Jacksonville, Florida, USA",VyStar Veterans Memorial Arena,14605
2022-03-26,http://ufcstats.com/event-details/1fac46d466abd5b8,UFC Fight Night: Blaydes vs. Daukaus,"Columbus, Ohio, USA",Nationwide Arena,18630
2022-03-19,http://ufcstats.com/event-details/1d00756835ca67c9,UFC Fight Night: Volkov vs. Aspinall,"London, England, United Kingdom",The O2 Arena,17081
2022-03-12,http://ufcstats.com/event-details/1f9344211ca7fd60,UFC Fight Night: Santos vs. Ankalaev,"Las Vegas, Nevada, USA",UFC Apex,
2022-03-05,http://ufcstats.com/event-details/75e0d3cc2262b732,UFC 272: Covington vs. Masvidal,"Las Vegas, Nevada, USA",T-Mobile Arena,19425
2022-02-26,http://ufcstats.com/event-details/f6a7b02c42e9fc5b,UFC Fight Night: Makhachev vs. Green,"Las Vegas, Nevada, USA",UFC Apex,
2022-02-19,http://ufcstats.com/event-details/77940e45bc86208e,UFC Fight Night: Walker vs. Hill,"Las Vegas, Nevada, USA",UFC Apex,
2022-02-12,http://ufcstats.com/event-details/cbb682f5fcc44bfc,UFC 271: Adesanya vs. Whittaker 2,"Houston, Texas, USA",Toyota Center,17872
2022-02-05,http://ufcstats.com/event-details/883922e5cd6d8473,UFC Fight Night: Hermansson vs. Strickland,"Las Vegas, Nevada, USA",UFC Apex,
2022-01-22,http://ufcstats.com/event-details/335ad945324c3a2e,UFC 270: Ngannou vs. Gane,"Anaheim, California, USA",Honda Center,17387
2022-01-15,http://ufcstats.com/event-details/f5585e675af7afd4,UFC Fight Night: Kattar vs. Chikadze,"Las Vegas, Nevada, USA",UFC Apex,
2021-12-18,http://ufcstats.com/event-details/2a470ad41c22c25a,UFC Fight Night: Lewis vs. Daukaus,"Las Vegas, Nevada, USA",UFC Apex,
2021-12-11,http://ufcstats.com/event-details/ef927e4fe2117ab8,UFC 269: Oliveira vs. Poirier,"Las Vegas, Nevada, USA",T-Mobile Arena,18471
2021-12-04,http://ufcstats.com/event-details/509697e08673d2e5,UFC Fight Night: Font vs. Aldo,"Las Vegas, Nevada, USA",UFC Apex,
2021-11-20,http://ufcstats.com/event-details/c95fbc085e17a532,UFC Fight Night: Vieira vs. Tate,"Las Vegas, Nevada, USA",UFC Apex,
2021-11-13,http://ufcstats.com/event-details/b5abaa65f87938eb,UFC Fight Night: Holloway vs. Rodriguez,"Las Vegas, Nevada, USA",UFC Apex,
2021-11-06,http://ufcstats.com/event-details/48e093ea1f43a053,UFC 268: Usman vs. Covington 2,"New York City, New York, USA",Madison Square Garden,20715
2021-10-30,http://ufcstats.com/event-details/3974fa35c917af1d,UFC 267: Blachowicz vs. Teixeira,"Abu Dhabi, Abu Dhabi, United Arab Emirates",Etihad Arena,10171
2021-10-23,http://ufcstats.com/event-details/8a9c6c4301f6d088,UFC Fight Night: Costa vs. Vettori,"Las Vegas, Nevada, USA",UFC Apex,
2021-10-16,http://ufcstats.com/event-details/8f4616698508f24d,UFC Fight Night: Ladd vs. Dumont,"Las Vegas, Nevada, USA",UFC Apex,
2021-10-09,http://ufcstats.com/event-details/d247691a6c0e9034,UFC Fight Night: Dern vs. Rodriguez,"Las Vegas, Nevada, USA",UFC Apex,
2021-10-02,http://ufcstats.com/event-details/e15d0a2519d6a0b5,UFC Fight Night: Santos vs. Walker,"Las Vegas, Nevada, USA",UFC Apex,
2021-09-25,http://ufcstats.com/event-details/0eec866a077889f0,UFC 266: Volkanovski vs. Ortega,"Las Vegas, Nevada, USA",T-Mobile Arena,19029
2021-09-18,http://ufcstats.com/event-details/4c27ca8c8481f79a,UFC Fight Night: Smith vs. Spann,"Las Vegas, Nevada, USA",UFC Apex,
2021-09-04,http://ufcstats.com/event-details/b9532d815060de7f,UFC Fight Night: Brunson vs. Till,"Las Vegas, Nevada, USA",UFC Apex,
2021-08-28,http://ufcstats.com/event-details/0db9d2486d564a3c,UFC Fight Night: Barboza vs. Chikadze,"Las Vegas, Nevada, USA",UFC Apex,
2021-08-21,http://ufcstats.com/event-details/2f13e4020cea5b38,UFC Fight Night: Cannonier vs. Gastelum,"Las Vegas, Nevada, USA",UFC Apex,
2021-08-07,http://ufcstats.com/event-details/972197a8c61ac413,UFC 265: Lewis vs. Gane,"Houston, Texas, USA",Toyota Center,16604
2021-07-31,http://ufcstats.com/event-details/320edfb0332b7073,UFC Fight Night: Hall vs. Strickland,"Las Vegas, Nevada, USA",UFC Apex,
2021-07-24,http://ufcstats.com/event-details/e57f0b06ea39e360,UFC Fight Night: Sandhagen vs. Dillashaw,"Las Vegas, Nevada, USA",UFC Apex,51
2021-07-17,http://ufcstats.com/event-details/40389d39a92f5bfa,UFC Fight Night: Makhachev vs. Moises,"Las Vegas, Nevada, USA",UFC Apex,0
2021-07-10,http://ufcstats.com/event-details/8a0be41c0380188d,UFC 264: Poirier vs. McGregor 3,"Las Vegas, Nevada, USA",T-Mobile Arena,20062
2021-06-26,http://ufcstats.com/event-details/a1d6b308781aa2f5,UFC Fight Night: Gane vs. Volkov,"Las Vegas, Nevada, USA",UFC Apex,0
2021-06-19,http://ufcstats.com/event-details/9ddfb3369a3b0394,UFC Fight Night: Jung vs. Ige,"Las Vegas, Nevada, USA",UFC Apex,0
2021-06-12,http://ufcstats.com/event-details/0b64d0fed453ef7f,UFC 263: Adesanya vs. Vettori 2,"Glendale, Arizona, USA",Gila River Arena,17208
2021-06-05,http://ufcstats.com/event-details/3b2485c8d5c8b580,UFC Fight Night: Rozenstruik vs. Sakai,"Las Vegas, Nevada, USA",UFC Apex,0
2021-05-22,http://ufcstats.com/event-details/277ffed20cf07aea,UFC Fight Night: Font vs. Garbrandt,"Las Vegas, Nevada, USA",UFC Apex,0
2021-05-15,http://ufcstats.com/event-details/744f50016c39c26c,UFC 262: Oliveira vs. Chandler,"Houston, Texas, USA",Toyota Center,16005
2021-05-08,http://ufcstats.com/event-details/58a36b4ccf5dc30e,UFC Fight Night: Rodriguez vs. Waterson,"Las Vegas, Nevada, USA",UFC Apex,0
2021-05-01,http://ufcstats.com/event-details/d57e6a8971b6d2bd,UFC Fight Night: Reyes vs. Prochazka,"Las Vegas, Nevada, USA",UFC Apex,0
2021-04-24,http://ufcstats.com/event-details/27541033b97c076d,UFC 261: Usman vs. Masvidal 2,"Jacksonville, Florida, USA",VyStar Veterans Memorial Arena,15269
2021-04-17,http://ufcstats.com/event-details/4a35913bd9aa4161,UFC Fight Night: Whittaker vs. Gastelum,"Las Vegas, Nevada, USA",UFC Apex,0
2021-04-10,http://ufcstats.com/event-details/9114c8ded5ccd71d,UFC Fight Night: Vettori vs. Holland,"Las Vegas, Nevada, USA",UFC Apex,0
2021-03-27,http://ufcstats.com/event-details/6597b611f1c32555,UFC 260: Miocic vs. Ngannou,"Las Vegas, Nevada, USA",UFC Apex,0
2021-03-20,http://ufcstats.com/event-details/c36e1f4fa755ffb4,UFC Fight Night: Brunson vs. Holland,"Las Vegas, Nevada, USA",UFC Apex,0
2021-03-13,http://ufcstats.com/event-details/8c90c1563972e44d,UFC Fight Night: Edwards vs. Muhammad,"Las Vegas, Nevada, USA",UFC Apex,0
2021-03-06,http://ufcstats.com/event-details/6e2b1d631832921d,UFC 259: Blachowicz vs. Adesanya,"Las Vegas, Nevada, USA",UFC Apex,0
2021-02-27,http://ufcstats.com/event-details/81b57acd6975ac06,UFC Fight Night: Rozenstruik vs. Gane,"Las Vegas, Nevada, USA",UFC Apex,0
2021-02-20,http://ufcstats.com/event-details/bfe95ec546692b13,UFC Fight Night: Blaydes vs. Lewis,"Las Vegas, Nevada, USA",UFC Apex,0
2021-02-13,http://ufcstats.com/event-details/3f7c14c7eca7195d,UFC 258: Usman vs. Burns,"Las Vegas, Nevada, USA",UFC Apex,0
2021-02-06,http://ufcstats.com/event-details/a1153013cb5f628f,UFC Fight Night: Overeem vs. Volkov,"Las Vegas, Nevada, USA",UFC Apex,0
2021-01-23,http://ufcstats.com/event-details/4304992c2acc187b,UFC 257: Poirier vs. McGregor,"Abu Dhabi, Abu Dhabi, United Arab Emirates",Etihad Arena,2600
2021-01-20,http://ufcstats.com/event-details/56116537d71a578c,UFC Fight Night: Chiesa vs. Magny,"Abu Dhabi, Abu Dhabi, United Arab Emirates",Etihad Arena,2000
2021-01-16,http://ufcstats.com/event-details/307064d3e0f036c2,UFC Fight Night: Holloway vs. Kattar,"Abu Dhabi, Abu Dhabi, United Arab Emirates",Etihad Arena,2000
2020-12-19,http://ufcstats.com/event-details/e49c2db95e572dc8,UFC Fight Night: Thompson vs. Neal,"Las Vegas, Nevada, USA",UFC Apex,0
2020-12-12,http://ufcstats.com/event-details/d0d43cb9b14f231c,UFC 256: Figueiredo vs. Moreno,"Las Vegas, Nevada, USA",UFC Apex,0
2020-12-05,http://ufcstats.com/event-details/398b440e73d55b8b,UFC Fight Night: Hermansson vs. Vettori,"Las Vegas, Nevada, USA",UFC Apex,0
2020-11-28,http://ufcstats.com/event-details/992c82450d96f726,UFC Fight Night: Smith vs. Clark,"Las Vegas, Nevada, USA",UFC Apex,0
2020-11-21,http://ufcstats.com/event-details/bbb15f301e4a490a,UFC 255: Figueiredo vs. Perez,"Las Vegas, Nevada, USA",UFC Apex,0
2020-11-14,http://ufcstats.com/event-details/3bc27ec15facbcf3,UFC Fight Night: Felder vs. Dos Anjos,"Las Vegas, Nevada, USA",UFC Apex,0
2020-11-07,http://ufcstats.com/event-details/41dca66f9dadfc86,UFC Fight Night: Santos vs. Teixeira,"Las Vegas, Nevada, USA",UFC Apex,0
2020-10-31,http://ufcstats.com/event-details/ad044be25c94dcfd,UFC Fight Night: Hall vs. Silva,"Las Vegas, Nevada, USA",UFC Apex,0
2020-10-24,http://ufcstats.com/event-details/c3c38c86f5ab9b5c,UFC 254: Khabib vs. Gaethje,"Abu Dhabi, Abu Dhabi, United Arab Emirates",du Forum,0
2020-10-17,http://ufcstats.com/event-details/d4f364dd076bb0e2,UFC Fight Night: Ortega vs. The Korean Zombie,"Abu Dhabi, Abu Dhabi, United Arab Emirates",du Forum,0
2020-10-10,http://ufcstats.com/event-details/fd4578cac86d75ca,UFC Fight Night: Moraes vs. Sandhagen,"Abu Dhabi, Abu Dhabi, United Arab Emirates",du Forum,0
2020-10-03,http://ufcstats.com/event-details/805ad1801eb26abb,UFC Fight Night: Holm vs. Aldana,"Abu Dhabi, Abu Dhabi, United Arab Emirates",du Forum,0
2020-09-26,http://ufcstats.com/event-details/e69c5ce12f4e762b,UFC 253: Adesanya vs. Costa,"Abu Dhabi, Abu Dhabi, United Arab Emirates",du Forum,0
2020-09-19,http://ufcstats.com/event-details/831b937811804dad,UFC Fight Night: Covington vs. Woodley,"Las Vegas, Nevada, USA",UFC Apex,0
2020-09-12,http://ufcstats.com/event-details/9c37681096c6f3a9,UFC Fight Night: Waterson vs. Hill,"Las Vegas, Nevada, USA",UFC Apex,0
2020-09-05,http://ufcstats.com/event-details/542db012217ecb83,UFC Fight Night: Overeem vs. Sakai,"Las Vegas, Nevada, USA",UFC Apex,0
2020-08-29,http://ufcstats.com/event-details/e29cf523ebd155c5,UFC Fight Night: Smith vs. Rakic,"Las Vegas, Nevada, USA",UFC Apex,0
2020-08-22,http://ufcstats.com/event-details/af1e5c64b8663aa0,UFC Fight Night: Munhoz vs. Edgar,"Las Vegas, Nevada, USA",UFC Apex,0
2020-08-15,http://ufcstats.com/event-details/bda04c573563cc2e,UFC 252: Miocic vs. Cormier 3,"Las Vegas, Nevada, USA",UFC Apex,0
2020-08-08,http://ufcstats.com/event-details/7a82635ffa9b59fe,UFC Fight Night: Lewis vs. Oleinik,"Las Vegas, Nevada, USA",UFC Apex,0
2020-08-01,http://ufcstats.com/event-details/3746e21bb508391a,UFC Fight Night: Brunson vs. Shahbazyan,"Las Vegas, Nevada, USA",UFC Apex,0
2020-07-25,http://ufcstats.com/event-details/dde70a112e053a6c,UFC Fight Night: Whittaker vs. Till,"Abu Dhabi, Abu Dhabi, United Arab Emirates",du Forum,0
2020-07-18,http://ufcstats.com/event-details/ddbd0d6259ce57cc,UFC Fight Night: Figueiredo vs. Benavidez 2,"Abu Dhabi, Abu Dhabi, United Arab Emirates",du Forum,0
2020-07-15,http://ufcstats.com/event-details/18f5669a92e99d92,UFC Fight Night: Kattar vs. Ige,"Abu Dhabi, Abu Dhabi, United Arab Emirates",du Forum,0
2020-07-11,http://ufcstats.com/event-details/dbd198f780286aca,UFC 251: Usman vs. Masvidal,"Abu Dhabi, Abu Dhabi, United Arab Emirates",du Forum,0
2020-06-27,http://ufcstats.com/event-details/c32eab6c2119e989,UFC Fight Night: Poirier vs. Hooker,"Las Vegas, Nevada, USA",UFC Apex,0
2020-06-20,http://ufcstats.com/event-details/2eab7a6c8b0ed8cc,UFC Fight Night: Blaydes vs. Volkov,"Las Vegas, Nevada, USA",UFC Apex,0
2020-06-13,http://ufcstats.com/event-details/1e13936d708bcff7,UFC Fight Night: Eye vs. Calvillo,"Las Vegas, Nevada, USA",UFC Apex,0
2020-06-06,http://ufcstats.com/event-details/4c12aa7ca246e7a4,UFC 250: Nunes vs. Spencer,"Las Vegas, Nevada, USA",UFC Apex,0
2020-05-30,http://ufcstats.com/event-details/14b9e0f2679a2205,UFC Fight Night: Woodley vs. Burns,"Las Vegas, Nevada, USA",UFC Apex,0
2020-05-16,http://ufcstats.com/event-details/dfb965c9824425db,UFC Fight Night: Overeem vs. Harris,"Jacksonville, Florida, USA",VyStar Veterans Memorial Arena,0
2020-05-13,http://ufcstats.com/event-details/5f8e00c27b7e7410,UFC Fight Night: Smith vs. Teixeira,"Jacksonville, Florida, USA",VyStar Veterans Memorial Arena,0
2020-05-09,http://ufcstats.com/event-details/898337ef520fe4d3,UFC 249: Ferguson vs. Gaethje,"Jacksonville, Florida, USA",VyStar Veterans Memorial Arena,0
2020-03-14,http://ufcstats.com/event-details/53278852bcd91e11,UFC Fight Night: Lee vs. Oliveira,"Brasilia, Distrito Federal, Brazil",Ginásio Nilson Nelson,0
2020-03-07,http://ufcstats.com/event-details/0b5b6876c2a4723f,UFC 248: Adesanya vs. Romero,"Las Vegas, Nevada, USA",T-Mobile Arena,15077
2020-02-29,http://ufcstats.com/event-details/fc9a9559a05f2704,UFC Fight Night: Benavidez vs. Figueiredo,"Norfolk, Virginia, USA",Chartway Arena,7098
2020-02-22,http://ufcstats.com/event-details/33b2f68ef95252e0,UFC Fight Night: Felder vs. Hooker,"Auckland, New Zealand",Spark Arena,10025
2020-02-15,http://ufcstats.com/event-details/5df17b3620145578,UFC Fight Night: Anderson vs. Blachowicz,"Rio Rancho, New Mexico, USA",Santa Ana Star Center,6449
2020-02-08,http://ufcstats.com/event-details/b26d3e3746fb4024,UFC 247: Jones vs. Reyes,"Houston, Texas, USA",Toyota Center,17401
2020-01-25,http://ufcstats.com/event-details/44aa652b181bcf68,UFC Fight Night: Blaydes vs. Dos Santos,"Raleigh, North Carolina, USA",PNC Arena,14533
2020-01-18,http://ufcstats.com/event-details/0c1773639c795466,UFC 246: McGregor vs. Cowboy,"Las Vegas, Nevada, USA",T-Mobile Arena,19040
2019-12-21,http://ufcstats.com/event-details/74fefd43f073cd2f,UFC Fight Night: Edgar vs. The Korean Zombie,"Busan, South Korea",Sajik Arena,10651
2019-12-14,http://ufcstats.com/event-details/4565d435005319c0,UFC 245: Usman vs. Covington,"Las Vegas, Nevada, USA",T-Mobile Arena,16811
2019-12-07,http://ufcstats.com/event-details/b09890ba7ce1d1e2,UFC Fight Night: Overeem vs. Rozenstruik,"Washington, DC, USA",Capital One Arena,10816
2019-11-16,http://ufcstats.com/event-details/81ca2c245b19b3c5,UFC Fight Night: Blachowicz vs. Jacare,"Sao Paulo, Sao Paulo, Brazil",Ginásio do Ibirapuera,10344
2019-11-09,http://ufcstats.com/event-details/8d5daf67983b65ba,UFC Fight Night: Zabit vs. Kattar,"Moscow, Moscow, Russia",CSKA Arena,11305
2019-11-02,http://ufcstats.com/event-details/fd87b1bbfcde9d5e,UFC 244: Masvidal vs. Diaz,"New York City, New York, USA",Madison Square Garden,20143
2019-10-26,http://ufcstats.com/event-details/df05aa15b2d66f57,UFC Fight Night: Maia vs. Askren,"Kallang, Singapore",Singapore Indoor Stadium,7155
2019-10-18,http://ufcstats.com/event-details/3ae10ac4df3df05c,UFC Fight Night: Reyes vs. Weidman,"Boston, Massachusetts, USA",TD Garden,12066
2019-10-12,http://ufcstats.com/event-details/0941df56f6ac954b,UFC Fight Night: Joanna vs. Waterson,"Tampa, Florida, USA",Amalie Arena,10597
2019-10-05,http://ufcstats.com/event-details/3cf68c1d17f66af7,UFC 243: Whittaker vs. Adesanya,"Melbourne, Victoria, Australia",Marvel Stadium,57127
2019-09-28,http://ufcstats.com/event-details/1bf49bf829964144,UFC Fight Night: Hermansson vs. Cannonier,"Copenhagen, Denmark",Royal Arena,12767
2019-09-21,http://ufcstats.com/event-details/94a5aaf573f780ad,UFC Fight Night: Rodriguez vs. Stephens,"Mexico City, Distrito Federal, Mexico",Arena Ciudad de México,10112
2019-09-14,http://ufcstats.com/event-details/4834ff149dc9542a,UFC Fight Night: Cowboy vs. Gaethje,"Vancouver, British Columbia, Canada",Rogers Arena,15114
2019-09-07,http://ufcstats.com/event-details/a79bfbc01b2264d6,UFC 242: Khabib vs. Poirier,"Abu Dhabi, Abu Dhabi, United Arab Emirates","The Arena, Yas Island",
2019-08-31,http://ufcstats.com/event-details/2c104b7e59a72629,UFC Fight Night: Andrade vs. Zhang,"Shenzhen, Guangdong, China",Shenzhen Universiade Sports Centre,10302
2019-08-17,http://ufcstats.com/event-details/70167689d6a01793,UFC 241: Cormier vs. Miocic 2,"Anaheim, California, USA",Honda Center,17304
2019-08-10,http://ufcstats.com/event-details/e5d03e4d966126bd,UFC Fight Night: Shevchenko vs. Carmouche 2,"Montevideo, Uruguay",Antel Arena,9225
2019-08-03,http://ufcstats.com/event-details/03da33a102d9a45f,UFC Fight Night: Covington vs. Lawler,"Newark, New Jersey, USA",Prudential Center,10427
2019-07-27,http://ufcstats.com/event-details/abcf7e55a0a9ed89,UFC 240: Holloway vs. Edgar,"Edmonton, Alberta, Canada",Rogers Place,12144
2019-07-20,http://ufcstats.com/event-details/9e0f28d1f639ad73,UFC Fight Night: Dos Anjos vs. Edwards,"San Antonio, Texas, USA",AT&T Center,9255
2019-07-13,http://ufcstats.com/event-details/2f8f3c69522db931,UFC Fight Night: De Randamie vs. Ladd,"Sacramento, California, USA",Golden 1 Center,10306
2019-07-06,http://ufcstats.com/event-details/6c9383ffab2725a5,UFC 239: Jones vs. Santos,"Las Vegas, Nevada, USA",T-Mobile Arena,18358
2019-06-29,http://ufcstats.com/event-details/c0c1bc0766df4c00,UFC Fight Night: Ngannou vs. Dos Santos,"Minneapolis, Minnesota, USA",Target Center,10123
2019-06-22,http://ufcstats.com/event-details/b16a7e6a627e9789,UFC Fight Night: Moicano vs. The Korean Zombie,"Greenville, South Carolina, USA",Bon Secours Wellness Arena,7682
2019-06-08,http://ufcstats.com/event-details/e31502e3f79d00c5,UFC 238: Cejudo vs. Moraes,"Chicago, Illinois, USA",United Center,16083
2019-06-01,http://ufcstats.com/event-details/cbc071cb20ea59c7,UFC Fight Night: Gustafsson vs. Smith,"Stockholm, Sweden",Avicii Arena,14319
2019-05-18,http://ufcstats.com/event-details/6b8f28da9a483049,UFC Fight Night: Dos Anjos vs. Lee,"Rochester, New York, USA",Blue Cross Arena,8132
2019-05-11,http://ufcstats.com/event-details/9de7c97e1c0d7927,UFC 237: Namajunas vs. Andrade,"Rio de Janeiro, Rio de Janeiro, Brazil",Jeunesse Arena,15193
2019-05-04,http://ufcstats.com/event-details/351264d11286d09a,UFC Fight Night: Iaquinta vs. Cowboy,"Ottawa, Ontario, Canada",Canadian Tire Centre,10960
2019-04-27,http://ufcstats.com/event-details/c912f676692c353a,UFC Fight Night: Jacare vs. Hermansson,"Sunrise, Florida, USA",Amerat Bank Arena,12754
2019-04-20,http://ufcstats.com/event-details/7dcf06c1967801c1,UFC Fight Night: Overeem vs. Oleinik,"Saint Petersburg, Saint Petersburg, Russia",Yubileyny Sports Palace,7236
2019-04-13,http://ufcstats.com/event-details/b0550072e5f0afa7,UFC 236: Holloway vs. Poirier 2,"Atlanta, Georgia, USA",State Farm Arena,14297
2019-03-30,http://ufcstats.com/event-details/9649d75defe0dedb,UFC Fight Night: Barboza vs. Gaethje,"Philadelphia, Pennsylvania, USA",Wells Fargo Center,11123
2019-03-23,http://ufcstats.com/event-details/487c170da059857d,UFC Fight Night: Thompson vs. Pettis,"Nashville, Tennessee, USA",Bridgestone Arena,10863
2019-03-16,http://ufcstats.com/event-details/80eacd4da0617c57,UFC Fight Night: Till vs. Masvidal,"London, England, United Kingdom",The O2 Arena,16602
2019-03-09,http://ufcstats.com/event-details/e96d8538d3f9d0ed,UFC Fight Night: Lewis vs. Dos Santos,"Wichita, Kansas, USA",Intrust Bank Arena,7265
2019-03-02,http://ufcstats.com/event-details/2d5fbe2103f97053,UFC 235: Jones vs. Smith,"Las Vegas, Nevada, USA",T-Mobile Arena,14790
2019-02-23,http://ufcstats.com/event-details/6546af7ab545b90c,UFC Fight Night: Blachowicz vs. Santos,"Prague, Czech Republic",O2 Arena,16583
2019-02-17,http://ufcstats.com/event-details/a7a79b8efbceaaac,UFC Fight Night: Ngannou vs. Velasquez,"Phoenix, Arizona, USA",Talking Stick Resort Arena,14269
2019-02-09,http://ufcstats.com/event-details/b5882371e2a3900d,UFC 234: Adesanya vs. Silva,"Melbourne, Victoria, Australia",Rod Laver Arena,15238
2019-02-02,http://ufcstats.com/event-details/84283233ec42be5f,UFC Fight Night: Assuncao vs. Moraes 2,"Fortaleza, Ceara, Brazil",Centro de Formação Olímpica do Nordeste,10040
2019-01-19,http://ufcstats.com/event-details/d4da8995fc91e7ef,UFC Fight Night: Cejudo vs. Dillashaw,"Brooklyn, New York, USA",Barclays Center,12152
2018-12-29,http://ufcstats.com/event-details/c046100aea0dba9a,UFC 232: Jones vs. Gustafsson 2,"Los Angeles, California, USA",The Forum,15862
2018-12-15,http://ufcstats.com/event-details/7a703c565ccaa18f,UFC Fight Night: Lee vs. Iaquinta,"Milwaukee, Wisconsin, USA",Fiserv Forum,9010
2018-12-08,http://ufcstats.com/event-details/2a74bbba57058f12,UFC 231: Holloway vs. Ortega,"Toronto, Ontario, Canada",Scotiabank Arena,19039
2018-12-01,http://ufcstats.com/event-details/d1d20e651e6cbc02,UFC Fight Night: Dos Santos vs. Tuivasa,"Adelaide, South Australia, Australia",Adelaide Entertainment Centre,8652
2018-11-30,http://ufcstats.com/event-details/c7ac79839e86ce33,The Ultimate Fighter: Heavy Hitters Finale,"Las Vegas, Nevada, USA",Pearl Theatre,2020
2018-11-24,http://ufcstats.com/event-details/de25520d54eab12d,UFC Fight Night: Blaydes vs. Ngannou 2,"Beijing, China",Cadillac Arena,10302
2018-11-17,http://ufcstats.com/event-details/aa3153a9941b4d44,UFC Fight Night: Magny vs. Ponzinibbio,"Buenos Aires, Buenos Aires, Argentina",Estadio Mary Terán de Weiss,10245
2018-11-10,http://ufcstats.com/event-details/42c96a9c4802e2e1,UFC Fight Night: Korean Zombie vs. Rodriguez,"Denver, Colorado, USA",Pepsi Center,11426
2018-11-03,http://ufcstats.com/event-details/20821819c401ced8,UFC 230: Cormier vs. Lewis,"New York City, New York, USA",Madison Square Garden,17011
2018-10-27,http://ufcstats.com/event-details/33a331684283900f,UFC Fight Night: Oezdemir vs. Smith,"Moncton, New Brunswick, Canada",Avenir Centre,6282
2018-10-06,http://ufcstats.com/event-details/1ef0eae31904e534,UFC 229: Khabib vs. McGregor,"Las Vegas, Nevada, USA",T-Mobile Arena,20034
2018-09-22,http://ufcstats.com/event-details/852454c572675334,UFC Fight Night: Marreta vs. Anders,"Sao Paulo, Sao Paulo, Brazil",Ginásio do Ibirapuera,9485
2018-09-15,http://ufcstats.com/event-details/8d49545dadf9b919,UFC Fight Night: Hunt vs. Oleinik,"Moscow, Moscow, Russia",Olimpiyskiy Stadium,22603
2018-09-08,http://ufcstats.com/event-details/d5ae8074631762fc,UFC 228: Woodley vs. Till,"Dallas, Texas, USA",American Airlines Center,14073
2018-08-25,http://ufcstats.com/event-details/c0342805a1948cbb,UFC Fight Night: Gaethje vs. Vick,"Lincoln, Nebraska, USA",Pinnacle Bank Arena,6409
2018-08-04,http://ufcstats.com/event-details/03b1e846b09f721d,UFC 227: Dillashaw vs. Garbrandt 2,"Los Angeles, California, USA",Staples Center,17794
2018-07-28,http://ufcstats.com/event-details/322a56923b396b4d,UFC Fight Night: Alvarez vs. Poirier 2,"Calgary, Alberta, Canada",Scotiabank Saddledome,10603
2018-07-22,http://ufcstats.com/event-details/4f732e58ed907eff,UFC Fight Night: Shogun vs. Smith,"Hamburg, Hamburg, Germany",Barclaycard Arena,7798
2018-07-14,http://ufcstats.com/event-details/b45d6b73f4ca4467,UFC Fight Night: Dos Santos vs. Ivanov,"Boise, Idaho, USA",CenturyLink Arena,5648
2018-07-07,http://ufcstats.com/event-details/35585d970300d45a,UFC 226: Miocic vs. Cormier,"Las Vegas, Nevada, USA",T-Mobile Arena,17464
2018-07-06,http://ufcstats.com/event-details/8215e4fe24e8e81b,The Ultimate Fighter: Undefeated Finale,"Las Vegas, Nevada, USA",Palms Casino Resort,2123
2018-06-23,http://ufcstats.com/event-details/ac5f67109accb482,UFC Fight Night: Cowboy vs. Edwards,"Kallang, Singapore",Singapore Indoor Stadium,6419
2018-06-09,http://ufcstats.com/event-details/2eae41f61776c60f,UFC 225: Whittaker vs. Romero 2,"Chicago, Illinois, USA",United Center,18117
2018-06-01,http://ufcstats.com/event-details/d29b5c4f22c6357d,UFC Fight Night: Rivera vs. Moraes,"Utica, New York, USA",Adirondack Bank Center,5063
2018-05-27,http://ufcstats.com/event-details/f5990c11974d8e9c,UFC Fight Night: Thompson vs. Till,"Liverpool, England, United Kingdom",Echo Arena,8520
2018-05-19,http://ufcstats.com/event-details/3144121470023e9a,UFC Fight Night: Maia vs. Usman,"Santiago, Chile",Movistar Arena,11082
2018-05-12,http://ufcstats.com/event-details/67ec58d7cf599835,UFC 224: Nunes vs. Pennington,"Rio de Janeiro, Rio de Janeiro, Brazil",Jeunesse Arena,10696
2018-04-21,http://ufcstats.com/event-details/ad99fa5325519169,UFC Fight Night: Barboza vs. Lee,"Atlantic City, New Jersey, USA",Boardwalk Hall,9541
2018-04-14,http://ufcstats.com/event-details/620be7e0712d431b,UFC Fight Night: Poirier vs. Gaethje,"Glendale, Arizona, USA",Gila River Arena,11382
2018-04-07,http://ufcstats.com/event-details/49e7e05f902479ca,UFC 223: Khabib vs. Iaquinta,"Brooklyn, New York, USA",Barclays Center,17026
2018-03-17,http://ufcstats.com/event-details/eed2b71d77d95416,UFC Fight Night: Werdum vs. Volkov,"London, England, United Kingdom",The O2 Arena,16274
2018-03-03,http://ufcstats.com/event-details/7929be8290289a47,UFC 222: Cyborg vs. Kunitskaya,"Las Vegas, Nevada, USA",T-Mobile Arena,12041
2018-02-24,http://ufcstats.com/event-details/daa89f01e1c0f42a,UFC Fight Night: Emmett vs. Stephens,"Orlando, Florida, USA",Amway Center,10124
2018-02-18,http://ufcstats.com/event-details/d181689653115b6a,UFC Fight Night: Cerrone vs. Medeiros,"Austin, Texas, USA",Frank Erwin Center,10502
2018-02-10,http://ufcstats.com/event-details/15515e797aedc137,UFC 221: Romero vs. Rockhold,"Perth, Western Australia, Australia",Perth Arena,12437
2018-02-03,http://ufcstats.com/event-details/7cf20446453f852b,UFC Fight Night: Machida vs. Anders,"Belem, Para, Brazil",Arena Guilherme Paraense,10144
2018-01-27,http://ufcstats.com/event-details/602bb270f2bdbf02,UFC Fight Night: Jacare vs. Brunson 2,"Charlotte, North Carolina, USA",Spectrum Center,10249
2018-01-20,http://ufcstats.com/event-details/02177caefe7c07d4,UFC 220: Miocic vs. Ngannou,"Boston, Massachusetts, USA",TD Garden,16015
2018-01-14,http://ufcstats.com/event-details/fc1868f56d3036eb,UFC Fight Night: Stephens vs. Choi,"St. Louis, Missouri, USA",Scottrade Center,10052
2017-12-30,http://ufcstats.com/event-details/04076783ca83d6ae,UFC 219: Cyborg vs. Holm,"Las Vegas, Nevada, USA",T-Mobile Arena,13561
2017-12-16,http://ufcstats.com/event-details/eaa0a728cc91ef60,UFC Fight Night: Lawler vs. Dos Anjos,"Winnipeg, Manitoba, Canada",Canada Life Centre,8862
2017-12-09,http://ufcstats.com/event-details/bcd124bcd3d5be46,UFC Fight Night: Swanson vs. Ortega,"Fresno, California, USA",Save Mart Center,7605
2017-12-02,http://ufcstats.com/event-details/9e30f69cc0869301,UFC 218: Holloway vs. Aldo 2,"Detroit, Michigan, USA",Little Caesars Arena,17587
2017-12-01,http://ufcstats.com/event-details/30e8b4505f5ccf92,The Ultimate Fighter: A New World Champion Finale,"Las Vegas, Nevada, USA",Park Theater,
2017-11-25,http://ufcstats.com/event-details/e7bc606d269896aa,UFC Fight Night: Bisping vs. Gastelum,"Shanghai, Hebei, China",Mercedes-Benz Arena,15128
2017-11-18,http://ufcstats.com/event-details/caced97768818230,UFC Fight Night: Werdum vs. Tybura,"Sydney, New South Wales, Australia",Qudos Bank Arena,10021
2017-11-11,http://ufcstats.com/event-details/d856a0080ac09ed7,UFC Fight Night: Poirier vs. Pettis,"Norfolk, Virginia, USA",Ted Constant Convocation Center,8442
2017-11-04,http://ufcstats.com/event-details/a25b71fe5e31fa97,UFC 217: Bisping vs. St-Pierre,"New York City, New York, USA",Madison Square Garden,18201
2017-10-28,http://ufcstats.com/event-details/a7724f51e32e763e,UFC Fight Night: Brunson vs. Machida,"Sao Paulo, Sao Paulo, Brazil",Ginásio do Ibirapuera,10265
2017-10-21,http://ufcstats.com/event-details/d6b68eaf4b68b160,UFC Fight Night: Cerrone vs. Till,"Gdansk, Poland",Ergo Arena,11138
2017-10-07,http://ufcstats.com/event-details/cc5834a495d1ea08,UFC 216: Ferguson vs. Lee,"Las Vegas, Nevada, USA",T-Mobile Arena,10638
2017-09-22,http://ufcstats.com/event-details/9211aae062b799d6,UFC Fight Night: Saint Preux vs. Okami,"Saitama, Saitama, Japan",Saitama Super Arena,8571
2017-09-16,http://ufcstats.com/event-details/1979c80150f630c4,UFC Fight Night: Rockhold vs. Branch,"Pittsburgh, Pennsylvania, USA",PPG Paints Arena,7005
2017-09-09,http://ufcstats.com/event-details/d86e913c548c07c2,UFC 215: Nunes vs. Shevchenko 2,"Edmonton, Alberta, Canada",Rogers Place,16232
2017-09-02,http://ufcstats.com/event-details/a3244e3238541482,UFC Fight Night: Volkov vs. Struve,"Rotterdam, Zuid-Holland, Netherlands",Rotterdam Ahoy,10224
2017-08-05,http://ufcstats.com/event-details/f4a031ac205ac580,UFC Fight Night: Pettis vs. Moreno,"Mexico City, Distrito Federal, Mexico",Arena Ciudad de México,10172
2017-07-29,http://ufcstats.com/event-details/ff9578cdbfabd323,UFC 214: Cormier vs. Jones 2,"Anaheim, California, USA",Honda Center,16610
2017-07-22,http://ufcstats.com/event-details/9f3d6ddef3d3cccc,UFC Fight Night: Weidman vs. Gastelum,"Uniondale, New York, USA",Nassau Veterans Memorial Coliseum,11198
2017-07-16,http://ufcstats.com/event-details/d7907a9a968e4d29,UFC Fight Night: Nelson vs. Ponzinibbio,"Glasgow, Scotland, United Kingdom",The SSE Hydro,10589
2017-07-08,http://ufcstats.com/event-details/686cccbf1a4de453,UFC 213: Romero vs. Whittaker,"Las Vegas, Nevada, USA",T-Mobile Arena,12834
2017-07-07,http://ufcstats.com/event-details/23bd78c3f89bdb54,The Ultimate Fighter: Redemption Finale,"Las Vegas, Nevada, USA",T-Mobile Arena,6308
2017-06-25,http://ufcstats.com/event-details/99bf06f20491cb54,UFC Fight Night: Chiesa vs. Lee,"Oklahoma City, Oklahoma, USA",Chesapeake Energy Arena,7605
2017-06-17,http://ufcstats.com/event-details/353de740bb6c7e75,UFC Fight Night: Holm vs. Correia,"Kallang, Singapore",Singapore Indoor Stadium,8414
2017-06-10,http://ufcstats.com/event-details/90e7447d8b7f3f35,UFC Fight Night: Lewis vs. Hunt,"Auckland, New Zealand",Spark Arena,8649
2017-06-03,http://ufcstats.com/event-details/1507214bbc7a79e2,UFC 212: Aldo vs. Holloway,"Rio de Janeiro, Rio de Janeiro, Brazil",Jeunesse Arena,15412
2017-05-28,http://ufcstats.com/event-details/1c7cce2f5c17160d,UFC Fight Night: Gustafsson vs. Teixeira,"Stockholm, Sweden",Ericsson Globe,12668
2017-05-13,http://ufcstats.com/event-details/5df10509264586e5,UFC 211: Miocic vs. Dos Santos,"Dallas, Texas, USA",American Airlines Center,17834
2017-04-22,http://ufcstats.com/event-details/bc7f7f0ba3db74d2,UFC Fight Night: Swanson vs. Lobov,"Nashville, Tennessee, USA",Bridgestone Arena,10144
2017-04-15,http://ufcstats.com/event-details/ed069a95aaaf4f56,UFC on FOX: Johnson vs. Reis,"Kansas City, Missouri, USA",Sprint Center,12171
2017-04-08,http://ufcstats.com/event-details/e7bfdb5e0112891e,UFC 210: Cormier vs. Johnson 2,"Buffalo, New York, USA",KeyBank Center,17110
2017-03-18,http://ufcstats.com/event-details/c0231720fe516994,UFC Fight Night: Manuwa vs. Anderson,"London, England, United Kingdom",The O2 Arena,15761
2017-03-11,http://ufcstats.com/event-details/47b7e4e60813b7b2,UFC Fight Night: Belfort vs. Gastelum,"Fortaleza, Ceara, Brazil",Centro de Formação Olímpica do Nordeste,14069
2017-03-04,http://ufcstats.com/event-details/20e403a1acfef130,UFC 209: Woodley vs. Thompson 2,"Las Vegas, Nevada, USA",T-Mobile Arena,13150
2017-02-19,http://ufcstats.com/event-details/b4ad3a06ee4d660c,UFC Fight Night: Lewis vs. Browne,"Halifax, Nova Scotia, Canada",Scotiabank Centre,8123
2017-02-11,http://ufcstats.com/event-details/865aa315ea62c511,UFC 208: Holm vs. De Randamie,"Brooklyn, New York, USA",Barclays Center,15628
2017-02-04,http://ufcstats.com/event-details/6a8a06b542e1516d,UFC Fight Night: Bermudez vs. The Korean Zombie,"Houston, Texas, USA",Toyota Center,8119
2017-01-28,http://ufcstats.com/event-details/4512e46543b960ad,UFC on FOX: Shevchenko vs. Pena,"Denver, Colorado, USA",Pepsi Center,13233
2017-01-15,http://ufcstats.com/event-details/46effbd1135423c5,UFC Fight Night: Rodriguez vs. Penn,"Phoenix, Arizona, USA",Talking Stick Resort Arena,11589
2016-12-30,http://ufcstats.com/event-details/4b2390cfaceb91d8,UFC 207: Nunes vs. Rousey,"Las Vegas, Nevada, USA",T-Mobile Arena,18533
2016-12-17,http://ufcstats.com/event-details/32541eb5d12668b4,UFC on FOX: VanZant vs. Waterson,"Sacramento, California, USA",Golden 1 Center,13136
2016-12-10,http://ufcstats.com/event-details/6e3282d57d2467a0,UFC 206: Holloway vs. Pettis,"Toronto, Ontario, Canada",Scotiabank Arena,18057
2016-12-09,http://ufcstats.com/event-details/7139cd2ae4bf6a29,UFC Fight Night: Lewis vs. Abdurakhimov,"Albany, New York, USA",Times Union Center,6216
2016-12-03,http://ufcstats.com/event-details/bd4389b71fdc0ce2,The Ultimate Fighter: Tournament of Champions Finale,"Las Vegas, Nevada, USA",Palms Casino Resort,2044
2016-11-26,http://ufcstats.com/event-details/73e09f837f3b5ecc,UFC Fight Night: Whittaker vs. Brunson,"Melbourne, Victoria, Australia",Rod Laver Arena,13721
2016-11-19,http://ufcstats.com/event-details/5cde96e0a1a1fffe,UFC Fight Night: Bader vs. Nogueira,"Sao Paulo, Sao Paulo, Brazil",Ginásio do Ibirapuera,9028
2016-11-19,http://ufcstats.com/event-details/6810d8d2dd557cf9,UFC Fight Night: Mousasi vs. Hall 2,"Belfast, Northern Ireland, United Kingdom",The SSE Arena,7222
2016-11-12,http://ufcstats.com/event-details/4956f60b7fa57c1a,UFC 205: Alvarez vs. McGregor,"New York City, New York, USA",Madison Square Garden,20427
2016-11-05,http://ufcstats.com/event-details/6083f497c22cc075,UFC Fight Night: Dos Anjos vs. Ferguson,"Mexico City, Distrito Federal, Mexico",Arena Ciudad de México,11460
2016-10-08,http://ufcstats.com/event-details/154a6b3ffae264cd,UFC 204: Bisping vs. Henderson,"Manchester, England, United Kingdom",AO Arena,16000
2016-10-01,http://ufcstats.com/event-details/a196332ee4aa8a82,UFC Fight Night: Lineker vs. Dodson,"Portland, Oregon, USA",Moda Center,6240
2016-09-24,http://ufcstats.com/event-details/e18012194473e8b0,UFC Fight Night: Cyborg vs. Lansberg,"Brasilia, Distrito Federal, Brazil",Ginásio Nilson Nelson,8410
2016-09-17,http://ufcstats.com/event-details/d6455cb4bee503ce,UFC Fight Night: Poirier vs. Johnson,"Hidalgo, Texas, USA",State Farm Arena,5624
2016-09-10,http://ufcstats.com/event-details/2dc7f1762dc0a7ef,UFC 203: Miocic vs. Overeem,"Cleveland, Ohio, USA",Quicken Loans Arena,18875
2016-09-03,http://ufcstats.com/event-details/2b4faacc16d66898,UFC Fight Night: Arlovski vs. Barnett,"Hamburg, Hamburg, Germany",Barclaycard Arena,11763
2016-08-27,http://ufcstats.com/event-details/cfbccfed4e4796fe,UFC on FOX: Maia vs. Condit,"Vancouver, British Columbia, Canada",Rogers Arena,10533
2016-08-20,http://ufcstats.com/event-details/5da4e8dc02e50ac0,UFC 202: Diaz vs. McGregor 2,"Las Vegas, Nevada, USA",T-Mobile Arena,15539
2016-08-06,http://ufcstats.com/event-details/232c582f29f8f65e,UFC Fight Night: Rodriguez vs. Caceres,"Salt Lake City, Utah, USA",Vivint Smart Home Arena,6689
2016-07-30,http://ufcstats.com/event-details/72cbe507644a587c,UFC 201: Lawler vs. Woodley,"Atlanta, Georgia, USA",Philips Arena,10240
2016-07-23,http://ufcstats.com/event-details/8a028648f3f0761d,UFC on FOX: Holm vs. Shevchenko,"Chicago, Illinois, USA",United Center,10287
2016-07-13,http://ufcstats.com/event-details/5e7a28f20927d64a,UFC Fight Night: McDonald vs. Lineker,"Sioux Falls, South Dakota, USA",Denny Sanford Premier Center,5671
2016-07-09,http://ufcstats.com/event-details/aa5b4eff51bdc7d1,UFC 200: Tate vs. Nunes,"Las Vegas, Nevada, USA",T-Mobile Arena,18202
2016-07-08,http://ufcstats.com/event-details/cd42bbe8887bba90,The Ultimate Fighter: Team Joanna vs. Team Cláudia Finale,"Las Vegas, Nevada, USA",MGM Grand Garden Arena,8115
2016-07-07,http://ufcstats.com/event-details/45a2ba3ef82b9700,UFC Fight Night: Dos Anjos vs. Alvarez,"Las Vegas, Nevada, USA",MGM Grand Garden Arena,7760
2016-06-18,http://ufcstats.com/event-details/563d051c9e769b24,UFC Fight Night: MacDonald vs. Thompson,"Ottawa, Ontario, Canada",TD Place Arena,10490
2016-06-04,http://ufcstats.com/event-details/ff4c3ab594c7fac3,UFC 199: Rockhold vs. Bisping 2,"Los Angeles, California, USA",The Forum,15587
2016-05-29,http://ufcstats.com/event-details/990060b2a68a7b82,UFC Fight Night: Almeida vs. Garbrandt,"Las Vegas, Nevada, USA",Mandalay Bay Events Center,5193
2016-05-14,http://ufcstats.com/event-details/a4bf17bd3ba3423b,UFC 198: Werdum vs. Miocic,"Curitiba, Parana, Brazil",Arena da Baixada,45207
2016-05-08,http://ufcstats.com/event-details/a314687f372b2cec,UFC Fight Night: Overeem vs. Arlovski,"Rotterdam, Zuid-Holland, Netherlands",Rotterdam Ahoy,10421
2016-04-23,http://ufcstats.com/event-details/3d481aa374c954a1,UFC 197: Jones vs. Saint Preux,"Las Vegas, Nevada, USA",MGM Grand Garden Arena,11352
2016-04-16,http://ufcstats.com/event-details/e7e970d508529bf3,UFC on FOX: Teixeira vs. Evans,"Tampa, Florida, USA",Amalie Arena,11273
2016-04-10,http://ufcstats.com/event-details/4887e5bc4dbb73ff,UFC Fight Night: Rothwell vs. Dos Santos,"Zagreb, Croatia",Arena Zagreb,13177
2016-03-19,http://ufcstats.com/event-details/e60201cfab7d656d,UFC Fight Night: Hunt vs. Mir,"Brisbane, Queensland, Australia",Brisbane Entertainment Centre,9552
2016-03-05,http://ufcstats.com/event-details/db1f2ed63b54b9a7,UFC 196: McGregor vs. Diaz,"Las Vegas, Nevada, USA",MGM Grand Garden Arena,14898
2016-02-27,http://ufcstats.com/event-details/39c568f8c579913e,UFC Fight Night: Silva vs. Bisping,"London, England, United Kingdom",The O2 Arena,16734
2016-02-21,http://ufcstats.com/event-details/d56bb6dff2ae77eb,UFC Fight Night: Cowboy vs. Cowboy,"Pittsburgh, Pennsylvania, USA",Consol Energy Center,7330
2016-02-06,http://ufcstats.com/event-details/de99da2c0d18d34a,UFC Fight Night: Hendricks vs. Thompson,"Las Vegas, Nevada, USA",MGM Grand Garden Arena,7422
2016-01-30,http://ufcstats.com/event-details/b3fb8d2293e17a59,UFC on FOX: Johnson vs. Bader,"Newark, New Jersey, USA",Prudential Center,10555
2016-01-17,http://ufcstats.com/event-details/c6becb722706c7d8,UFC Fight Night: Dillashaw vs. Cruz,"Boston, Massachusetts, USA",TD Garden,12022
2016-01-02,http://ufcstats.com/event-details/380e8b023290d091,UFC 195: Lawler vs. Condit,"Las Vegas, Nevada, USA",MGM Grand Garden Arena,10300
2015-12-19,http://ufcstats.com/event-details/80d918336163b80c,UFC on FOX: Dos Anjos vs. Cowboy 2,"Orlando, Florida, USA",Amway Center,14459
2015-12-12,http://ufcstats.com/event-details/354808cf38d9d73c,UFC 194: Aldo vs. McGregor,"Las Vegas, Nevada, USA",MGM Grand Garden Arena,16516
2015-12-11,http://ufcstats.com/event-details/20fbff570c678e1c,The Ultimate Fighter: Team McGregor vs. Team Faber Finale,"Las Vegas, Nevada, USA",The Chelsea at The Cosmopolitan,2566
2015-12-10,http://ufcstats.com/event-details/dd39f1ca787a3d9d,UFC Fight Night: Namajunas vs. VanZant,"Las Vegas, Nevada, USA",The Chelsea at The Cosmopolitan,1643
2015-11-28,http://ufcstats.com/event-details/4d636c3aa1105950,UFC Fight Night: Henderson vs. Masvidal,"Seoul, South Korea",Olympic Gymnastics Arena,12156
2015-11-21,http://ufcstats.com/event-details/243b07fc65ccbb16,UFC Fight Night: Magny vs. Gastelum,"Monterrey, Nuevo Leon, Mexico",Arena Monterrey,10410
2015-11-14,http://ufcstats.com/event-details/8d04923f2db59b7f,UFC 193: Rousey vs. Holm,"Melbourne, Victoria, Australia",Marvel Stadium,56214
2015-11-07,http://ufcstats.com/event-details/5345f86680378fc1,UFC Fight Night: Belfort vs. Henderson 3,"Sao Paulo, Sao Paulo, Brazil",Ginásio do Ibirapuera,10628
2015-10-24,http://ufcstats.com/event-details/f3155a94ca420126,UFC Fight Night: Holohan vs. Smolka,"Dublin, Leinster, Ireland",3Arena,9500
2015-10-03,http://ufcstats.com/event-details/119ebea97e914dcf,UFC 192: Cormier vs. Gustafsson,"Houston, Texas, USA",Toyota Center,14622
2015-09-26,http://ufcstats.com/event-details/a4dd5c9a75763295,UFC Fight Night: Barnett vs. Nelson,"Saitama, Japan",Saitama Super Arena,10137
2015-09-05,http://ufcstats.com/event-details/82f5c81f4e3c3eb5,UFC 191: Johnson vs. Dodson 2,"Las Vegas, Nevada, USA",MGM Grand Garden Arena,10873
2015-08-23,http://ufcstats.com/event-details/2ce6541127b0e232,UFC Fight Night: Holloway vs. Oliveira,"Saskatoon, Saskatchewan, Canada",SaskTel Centre,7202
2015-08-08,http://ufcstats.com/event-details/b71667c778b6d9e5,UFC Fight Night: Teixeira vs. Saint Preux,"Nashville, Tennessee, USA",Bridgestone Arena,7539
2015-08-01,http://ufcstats.com/event-details/a9c45a8b21eabadc,UFC 190: Rousey vs. Correia,"Rio de Janeiro, Rio de Janeiro, Brazil",HSBC Arena,14723
2015-07-25,http://ufcstats.com/event-details/0c3838c8f7c620c2,UFC on FOX: Dillashaw vs. Barao II,"Chicago, Illinois, USA",United Center,11663
2015-07-18,http://ufcstats.com/event-details/ef7fa30364cbe7f2,UFC Fight Night: Bisping vs. Leites,"Glasgow, Scotland, United Kingdom",The SSE Hydro,10451
2015-07-15,http://ufcstats.com/event-details/36877f0e62b25b96,UFC Fight Night: Mir vs. Duffee,"San Diego, California, USA",Pechanga Arena,5471
2015-07-12,http://ufcstats.com/event-details/a890f9a791ed615d,The Ultimate Fighter: American Top Team vs. Blackzilians Finale,"Las Vegas, Nevada, USA",MGM Grand Garden Arena,4844
2015-07-11,http://ufcstats.com/event-details/3be081c29bf734d9,UFC 189: Mendes vs. McGregor,"Las Vegas, Nevada, USA",MGM Grand Garden Arena,16019
2015-06-27,http://ufcstats.com/event-details/86e388ed20761ad9,UFC Fight Night: Machida vs. Romero,"Hollywood, Florida, USA",Seminole Hard Rock Hotel and Casino,5604
2015-06-20,http://ufcstats.com/event-details/194fc025f9355db6,UFC Fight Night: Jedrzejczyk vs. Penne,"Berlin, Berlin, Germany",Uber Arena,8155
2015-06-13,http://ufcstats.com/event-details/a58114c6dd0add64,UFC 188: Velasquez vs. Werdum,"Mexico City, Distrito Federal, Mexico",Arena Ciudad de México,21036
2015-06-06,http://ufcstats.com/event-details/06dc1a58663579d2,UFC Fight Night: Boetsch vs. Henderson,"New Orleans, Louisiana, USA",Smoothie King Center,6231
2015-05-30,http://ufcstats.com/event-details/aae0897825336b1a,UFC Fight Night: Condit vs. Alves,"Goiania, Goias, Brazil",Goiânia Arena,3500
2015-05-23,http://ufcstats.com/event-details/4f7e290e71d60f87,UFC 187: Johnson vs. Cormier,"Las Vegas, Nevada, USA",MGM Grand Garden Arena,12615
2015-05-16,http://ufcstats.com/event-details/b1605ea39fba6af6,UFC Fight Night: Edgar vs. Faber,"Manila, Philippines",Mall of Asia Arena,13446
2015-05-09,http://ufcstats.com/event-details/8a1b4330c7957961,UFC Fight Night: Miocic vs. Hunt,"Adelaide, South Australia, Australia",Adelaide Entertainment Centre,7984
2015-04-25,http://ufcstats.com/event-details/997b4f52f76a0b53,UFC 186: Johnson vs. Horiguchi,"Montreal, Quebec, Canada",Bell Centre,10154
2015-04-18,http://ufcstats.com/event-details/bc7cf284c1c2f16e,UFC on FOX: Machida vs. Rockhold,"Newark, New Jersey, USA",Prudential Center,13306
2015-04-11,http://ufcstats.com/event-details/5de61b03868035ff,UFC Fight Night: Gonzaga vs. Cro Cop 2,"Krakow, Poland",Tauron Arena Kraków,10000
2015-04-04,http://ufcstats.com/event-details/16d09e800ad7ec79,UFC Fight Night: Mendes vs. Lamas,"Fairfax, Virginia, USA",Patriot Center,5417
2015-03-21,http://ufcstats.com/event-details/fa534853eb195270,UFC Fight Night: Maia vs. LaFlare,"Rio de Janeiro, Brazil",Ginásio do Maracanãzinho,7707
2015-03-14,http://ufcstats.com/event-details/f54200f1dfb9b5d4,UFC 185: Pettis vs. Dos Anjos,"Dallas, Texas, USA",American Airlines Center,17160
2015-02-28,http://ufcstats.com/event-details/ad4e9055bf8cd04d,UFC 184: Rousey vs. Zingano,"Los Angeles, California, USA",Staples Center,17654
2015-02-22,http://ufcstats.com/event-details/0577808d22dfe79c,UFC Fight Night: Bigfoot vs. Mir,"Porto Alegre, Rio Grande do Sul, Brazil",Ginásio Gigantinho,5080
2015-02-14,http://ufcstats.com/event-details/f9c7fe2682af3802,UFC Fight Night: Henderson vs. Thatch,"Broomfield, Colorado, USA",1stBank Center,5807
2015-01-31,http://ufcstats.com/event-details/43563a32c3f10e95,UFC 183: Silva vs. Diaz,"Las Vegas, Nevada, USA",MGM Grand Garden Arena,13114
2015-01-24,http://ufcstats.com/event-details/706404da0775dcbc,UFC on FOX: Gustafsson vs. Johnson,"Stockholm, Sweden",Tele2 Arena,30000
2015-01-18,http://ufcstats.com/event-details/f9aa6376ae16bfb4,UFC Fight Night: McGregor vs. Siver,"Boston, Massachusetts, USA",TD Garden,13828
2015-01-03,http://ufcstats.com/event-details/a72d260b436924c4,UFC 182: Jones vs. Cormier,"Las Vegas, Nevada, USA",MGM Grand Garden Arena,11575
2014-12-20,http://ufcstats.com/event-details/4e5bbc4566049cbf,UFC Fight Night: Machida vs. Dollaway,"Barueri, Sao Paulo, Brazil",Ginásio José Corrêa,
2014-12-13,http://ufcstats.com/event-details/d4a12dfa4067742f,UFC on FOX: Dos Santos vs. Miocic,"Phoenix, Arizona, USA",U.S. Airways Center,15300
2014-12-12,http://ufcstats.com/event-details/222d6b547de2e035,The Ultimate Fighter: A Champion Will Be Crowned Finale,"Las Vegas, Nevada, USA",Palms Casino Resort,1800
2014-12-06,http://ufcstats.com/event-details/dfdd0c5dd0d4bc23,UFC 181: Hendricks vs. Lawler II,"Las Vegas, Nevada, USA",Mandalay Bay Events Center,9617
2014-11-22,http://ufcstats.com/event-details/155a02a8b4311057,UFC Fight Night: Edgar vs. Swanson,"Austin, Texas, USA",Frank Erwin Center,10131
2014-11-15,http://ufcstats.com/event-details/59851163aaf1aed8,UFC 180: Werdum vs. Hunt,"Mexico City, Distrito Federal, Mexico",Arena Ciudad de México,21000
2014-11-08,http://ufcstats.com/event-details/6ca68b636fbc1f18,UFC Fight Night 56: Shogun vs. Saint Preux,"Uberlandia, Minas Gerais, Brazil",Ginásio Municipal Tancredo Neves,5671
2014-11-07,http://ufcstats.com/event-details/371a1c91b24dec2b,UFC Fight Night: Rockhold vs. Bisping,"Sydney, New South Wales, Australia",Qudos Bank Arena,9904
2014-10-25,http://ufcstats.com/event-details/53f02bbc41d99432,UFC 179: Aldo vs. Mendes 2,"Rio de Janeiro, Brazil",Ginásio do Maracanãzinho,11415
2014-10-04,http://ufcstats.com/event-details/0313bf497de9c470,UFC Fight Night: MacDonald vs. Saffiedine,"Halifax, Nova Scotia, Canada",Scotiabank Centre,10782
2014-10-04,http://ufcstats.com/event-details/8dc4f34c1f50d00d,UFC Fight Night: Nelson vs. Story,"Stockholm, Sweden",Avicii Arena,10026
2014-09-27,http://ufcstats.com/event-details/3bb030257966b022,UFC 178: Johnson vs. Cariaso,"Las Vegas, Nevada, USA",MGM Grand Garden Arena,10544
2014-09-20,http://ufcstats.com/event-details/2dea80c069847321,UFC Fight Night: Hunt vs. Nelson,"Saitama, Japan",Saitama Super Arena,12395
2014-09-13,http://ufcstats.com/event-details/a71feb7ea7592a71,UFC Fight Night: Bigfoot vs. Arlovski,"Brasilia, Distrito Federal, Brazil",Ginásio Nilson Nelson,8822
2014-09-05,http://ufcstats.com/event-details/9bcfb40dbcd50568,UFC Fight Night: Jacare vs. Mousasi,"Ledyard, Connecticut, USA",Foxwoods Resort Casino,4086
2014-08-30,http://ufcstats.com/event-details/269d103c96a4c3a5,UFC 177: Dillashaw vs. Soto,"Sacramento, California, USA",Sleep Train Arena,11100
2014-08-23,http://ufcstats.com/event-details/063649e21bc9d6d5,UFC Fight Night: Henderson vs. Dos Anjos,"Tulsa, Oklahoma, USA",BOK Center,7119
2014-08-23,http://ufcstats.com/event-details/770b9d4813c25902,UFC Fight Night: Bisping vs. Le,"Macau, China",Cotai Arena,7022
2014-08-16,http://ufcstats.com/event-details/fd7acf42bd6e7e95,UFC Fight Night: Bader vs. Saint Preux,"Bangor, Maine, USA",Cross Insurance Center,5329
2014-07-26,http://ufcstats.com/event-details/05fbfe628658c538,UFC on FOX: Lawler vs. Brown,"San Jose, California, USA",SAP Center,11482
2014-07-19,http://ufcstats.com/event-details/073eee4e62f0d988,UFC Fight Night: McGregor vs. Brandao,"Dublin, Leinster, Ireland",3Arena,9500
2014-07-16,http://ufcstats.com/event-details/79ded75550efc139,UFC Fight Night: Cowboy vs. Miller,"Atlantic City, New Jersey, USA",Revel Casino Hotel,4115
2014-07-06,http://ufcstats.com/event-details/1c5879330d42255f,The Ultimate Fighter: Team Edgar vs. Team Penn Finale,"Las Vegas, Nevada, USA",Mandalay Bay Events Center,6500
2014-07-05,http://ufcstats.com/event-details/53adf5b845d91e4a,UFC 175: Weidman vs. Machida,"Las Vegas, Nevada, USA",Mandalay Bay Events Center,10088
2014-06-28,http://ufcstats.com/event-details/c0ed7b208197e8de,UFC Fight Night: Swanson vs. Stephens,"San Antonio, Texas, USA",AT&T Center,9227
2014-06-28,http://ufcstats.com/event-details/ac9521250dc1a14c,UFC Fight Night: Te Huna vs. Marquardt,"Auckland, New Zealand",Vector Arena,8089
2014-06-14,http://ufcstats.com/event-details/5b5307450405abf0,UFC 174: Johnson vs. Bagautinov,"Vancouver, British Columbia, Canada",Rogers Arena,13506
2014-06-07,http://ufcstats.com/event-details/1fcfc3709fe58151,UFC Fight Night: Henderson vs. Khabilov,"Albuquerque, New Mexico, USA",Tingley Coliseum,8775
2014-05-31,http://ufcstats.com/event-details/59aaf2730b84698a,UFC Fight Night: Miocic vs. Maldonado,"Sao Paulo, Brazil",Ginásio do Ibirapuera,8986
2014-05-31,http://ufcstats.com/event-details/b757c73f443d4fca,UFC Fight Night: Munoz vs. Mousasi,"Berlin, Germany",Uber Arena,8000
2014-05-24,http://ufcstats.com/event-details/9ca265dfe8323db3,UFC 173: Barao vs. Dillashaw,"Las Vegas, Nevada, USA",MGM Grand Garden Arena,11036
2014-05-10,http://ufcstats.com/event-details/579fcdfcabd23a7b,UFC Fight Night: Brown vs. Silva,"Cincinnati, Ohio, USA",U.S. Bank Arena,6143
2014-04-26,http://ufcstats.com/event-details/4f2fcbefb668689d,UFC 172: Jones vs. Teixeira,"Baltimore, Maryland, USA",Baltimore Arena,13485
2014-04-19,http://ufcstats.com/event-details/a421465acbe59c77,UFC on FOX: Werdum vs. Browne,"Orlando, Florida, USA",Amway Center,17000
2014-04-16,http://ufcstats.com/event-details/f9f07bb5a43535ed,UFC Fight Night: Bisping vs. Kennedy,"Quebec City, Quebec, Canada",Colisée Pepsi,5029
2014-04-11,http://ufcstats.com/event-details/d632d156c0549e07,UFC Fight Night: Minotauro vs. Nelson,"Abu Dhabi, United Arab Emirates",Etihad Park,7963
2014-03-23,http://ufcstats.com/event-details/d5f820c11a121050,UFC Fight Night: Shogun vs. Henderson 2,"Natal, Rio Grande do Norte, Brazil",Ginásio Nélio Dias,6828
2014-03-15,http://ufcstats.com/event-details/179f1948dc234f1f,UFC 171: Hendricks vs. Lawler,"Dallas, Texas, USA",American Airlines Center,19324
2014-03-08,http://ufcstats.com/event-details/ebc1f40e00e0c481,UFC Fight Night: Gustafsson vs. Manuwa,"London, England, United Kingdom",The O2 Arena,14604
2014-03-01,http://ufcstats.com/event-details/a26198ba5093147e,UFC Fight Night: Kim vs. Hathaway,"Macau, China",Cotai Arena,6000
2014-02-22,http://ufcstats.com/event-details/3138fab619faf4d1,UFC 170: Rousey vs. McMann,"Las Vegas, Nevada, USA",Mandalay Bay Events Center,10217
2014-02-15,http://ufcstats.com/event-details/51b0bb73a1da34bc,UFC Fight Night: Machida vs. Mousasi,"Jaragua do Sul, Santa Catarina, Brazil",Arena Jaraguá,7511
2014-02-01,http://ufcstats.com/event-details/fc31f896cde2bc2e,UFC 169: Barao vs. Faber 2,"Newark, New Jersey, USA",Prudential Center,14308
2014-01-25,http://ufcstats.com/event-details/a8d521d913df4e31,UFC on FOX: Henderson vs. Thomson,"Chicago, Illinois, USA",United Center,10895
2014-01-15,http://ufcstats.com/event-details/30a09e43f15f1d75,UFC Fight Night: Rockhold vs. Philippou,"Duluth, Georgia, USA",Arena at Gwinnett Center,5822
2014-01-04,http://ufcstats.com/event-details/e5c9de15bb58b1c6,UFC Fight Night: Saffiedine vs. Lim,"Singapore, Singapore",Marina Bay Sands,5216
2013-12-28,http://ufcstats.com/event-details/83d0de122f2f9664,UFC 168: Weidman vs. Silva 2,"Las Vegas, Nevada, USA",MGM Grand Garden Arena,15650
2013-12-14,http://ufcstats.com/event-details/480b702debcb5433,UFC on FOX: Johnson vs. Benavidez 2,"Sacramento, California, USA",Sleep Train Arena,11573
2013-12-06,http://ufcstats.com/event-details/ee457ef1e1c326c1,UFC Fight Night: Hunt vs. Bigfoot,"Brisbane, Queensland, Australia",Brisbane Entertainment Centre,11393
2013-11-30,http://ufcstats.com/event-details/9a967e8e43dcef63,The Ultimate Fighter: Team Rousey vs. Team Tate Finale,"Las Vegas, Nevada, USA",Mandalay Bay Events Center,4853
2013-11-16,http://ufcstats.com/event-details/28f3c2258a1d8874,UFC 167: St-Pierre vs. Hendricks,"Las Vegas, Nevada, USA",MGM Grand Garden Arena,14856
2013-11-09,http://ufcstats.com/event-details/5d7c18191b8aa432,UFC Fight Night: Belfort vs. Henderson 2,"Goiania, Goias, Brazil",Goiânia Arena,10565
2013-11-06,http://ufcstats.com/event-details/35dc6220b113b7ec,UFC Fight Night: Fight for the Troops 3,"Fort Campbell, Kentucky, USA",Fort Campbell,
2013-10-26,http://ufcstats.com/event-details/60884f31ead1609c,UFC Fight Night: Machida vs. Munoz,"Manchester, England, United Kingdom",Phones 4u Arena,10355
2013-10-19,http://ufcstats.com/event-details/eae4aec1a5a8ff01,UFC 166: Velasquez vs. Dos Santos 3,"Houston, Texas, USA",Toyota Center,17238
2013-10-09,http://ufcstats.com/event-details/43612456979e5d5e,UFC Fight Night: Maia vs. Shields,"Barueri, Sao Paulo, Brazil",Ginásio José Corrêa,6621
2013-09-21,http://ufcstats.com/event-details/df5a77121ba84a5d,UFC 165: Jones vs. Gustafsson,"Toronto, Ontario, Canada",Scotiabank Arena,15504
2013-09-04,http://ufcstats.com/event-details/b23fca14c7b79935,UFC Fight Night: Teixeira vs. Bader,"Belo Horizonte, Minas Gerais, Brazil",Mineirinho Arena,5126
2013-08-31,http://ufcstats.com/event-details/980b4e712489098e,UFC 164: Henderson vs. Pettis 2,"Milwaukee, Wisconsin, USA",BMO Harris Bradley Center,9178
2013-08-28,http://ufcstats.com/event-details/e5c38954c006f15c,UFC Fight Night: Condit vs. Kampmann 2,"Indianapolis, Indiana, USA",Bankers Life Fieldhouse,6417
2013-08-17,http://ufcstats.com/event-details/cf1a88371c8cb690,UFC Fight Night: Shogun vs. Sonnen,"Boston, Massachusetts, USA",TD Garden,14181
2013-08-03,http://ufcstats.com/event-details/ebc5af72ad5a28cb,UFC 163: Aldo vs. Jung,"Rio de Janeiro, Brazil",HSBC Arena,13873
2013-07-27,http://ufcstats.com/event-details/5330fe7e4c3af81c,UFC on FOX: Johnson vs. Moraga,"Seattle, Washington, USA",Climate Pledge Arena,8967
2013-07-06,http://ufcstats.com/event-details/e0b74df14f52cd15,UFC 162: Silva vs. Weidman,"Las Vegas, Nevada, USA",MGM Grand Garden Arena,12964
2013-06-15,http://ufcstats.com/event-details/8fd1f27e86661ede,UFC 161: Evans vs. Henderson,"Winnipeg, Manitoba, Canada",Canada Life Centre,14754
2013-06-08,http://ufcstats.com/event-details/7865707fd684d77b,UFC on FUEL TV: Nogueira vs. Werdum,"Fortaleza, Ceara, Brazil",Ginásio Paulo Sarasate,6286
2013-05-25,http://ufcstats.com/event-details/3c241737a6069b9f,UFC 160: Velasquez vs. Silva 2,"Las Vegas, Nevada, USA",MGM Grand Garden Arena,12380
2013-05-18,http://ufcstats.com/event-details/030f08370fd1c2bb,UFC on FX: Belfort vs. Rockhold,"Jaragua do Sul, Santa Catarina, Brazil",Arena Jaraguá,7642
2013-04-27,http://ufcstats.com/event-details/ea0ad155451ed1f5,UFC 159: Jones vs. Sonnen,"Newark, New Jersey, USA",Prudential Center,15227
2013-04-20,http://ufcstats.com/event-details/aa79d5399571068e,UFC on FOX: Henderson vs. Melendez,"San Jose, California, USA",SAP Center,13506
2013-04-13,http://ufcstats.com/event-details/ce47f49e5c386a9c,The Ultimate Fighter: Team Jones vs. Team Sonnen Finale,"Las Vegas, Nevada, USA",Mandalay Bay Events Center,5918
2013-04-06,http://ufcstats.com/event-details/6291ac0a3726732f,UFC on FUEL TV: Mousasi vs. Latifi,"Stockholm, Sweden",Avicii Arena,14506
2013-03-16,http://ufcstats.com/event-details/f1b2a4365799c48b,UFC 158: St-Pierre vs. Diaz,"Montreal, Quebec, Canada",Bell Centre,20145
2013-03-02,http://ufcstats.com/event-details/83c6c3e0f8bde8ee,UFC on FUEL TV: Silva vs. Stann,"Saitama, Japan",Saitama Super Arena,14682
2013-02-23,http://ufcstats.com/event-details/09c44b317c98bf96,UFC 157: Rousey vs. Carmouche,"Anaheim, California, USA",Honda Center,13257
2013-02-16,http://ufcstats.com/event-details/4679a38cced7c64a,UFC on FUEL TV: Barao vs. McDonald,"London, England, United Kingdom",Wembley Arena,10349
2013-02-02,http://ufcstats.com/event-details/601cf40c09090853,UFC 156: Aldo vs. Edgar,"Las Vegas, Nevada, USA",Mandalay Bay Events Center,10275
2013-01-26,http://ufcstats.com/event-details/738acab0c6934dd8,UFC on FOX: Johnson vs. Dodson,"Chicago, Illinois, USA",United Center,16091
2013-01-19,http://ufcstats.com/event-details/56f4b81ec4db61af,UFC on FX: Belfort vs. Bisping,"Sao Paulo, Brazil",Ginásio do Ibirapuera,9116
2012-12-29,http://ufcstats.com/event-details/c6e6926a81adcd00,UFC 155: Dos Santos vs. Velasquez II,"Las Vegas, Nevada, USA",MGM Grand Garden Arena,13561
2012-12-15,http://ufcstats.com/event-details/c6da1c24fe473418,The Ultimate Fighter: Team Carwin vs. Team Nelson Finale,"Las Vegas, Nevada, USA",Hard Rock Hotel and Casino,2500
2012-12-14,http://ufcstats.com/event-details/e8c170a64dc920ac,UFC on FX: Sotiropoulos vs. Pearson,"Gold Coast, Queensland, Australia",Gold Coast Convention and Exhibition Centre,5133
2012-12-08,http://ufcstats.com/event-details/d1e6a6536ee62517,UFC on FOX: Henderson vs. Diaz,"Seattle, Washington, USA",Climate Pledge Arena,14387
2012-11-17,http://ufcstats.com/event-details/d41937647eae9a34,UFC 154: St-Pierre vs. Condit,"Montreal, Quebec, Canada",Bell Centre,17249
2012-11-10,http://ufcstats.com/event-details/319fa1bd3176bded,UFC Macao: Franklin vs. Le,"Macau, China",Cotai Arena,8415
2012-10-13,http://ufcstats.com/event-details/96d173b7f92aa520,UFC 153: Silva vs. Bonnar,"Rio de Janeiro, Brazil",Farmasi Arena,16844
2012-10-05,http://ufcstats.com/event-details/6a0b80a24f22e152,UFC on FX: Browne vs. Bigfoot,"Minneapolis, Minnesota, USA",Target Center,7049
2012-09-29,http://ufcstats.com/event-details/6cbb7661c3258617,UFC on FUEL TV: Struve vs. Miocic,"Nottingham, England, United Kingdom",Motorpoint Arena,7241
2012-09-22,http://ufcstats.com/event-details/53e533db1b8e9712,UFC 152: Jones vs. Belfort,"Toronto, Ontario, Canada",Scotiabank Arena,16800
2012-08-11,http://ufcstats.com/event-details/3c48019bc387b80c,UFC 150: Henderson vs. Edgar II,"Denver, Colorado, USA",Ball Arena,13027
2012-08-04,http://ufcstats.com/event-details/f62850b3c7480db9,UFC on FOX: Shogun vs. Vera,"Los Angeles, California, USA",Crypto.com Arena,16080
2012-07-21,http://ufcstats.com/event-details/abbc4fc02e0d84b3,UFC 149: Faber vs. Barao,"Calgary, Alberta, Canada",Scotiabank Saddledome,16089
2012-07-11,http://ufcstats.com/event-details/d3b5ad3b15a64a18,UFC on FUEL TV: Munoz vs. Weidman,"San Jose, California, USA",SAP Center,4250
2012-07-07,http://ufcstats.com/event-details/e8efeb9cf33b1941,UFC 148: Silva vs. Sonnen 2,"Las Vegas, Nevada, USA",MGM Grand Garden Arena,15104
2012-06-23,http://ufcstats.com/event-details/3da19339ee7051d5,UFC 147: Silva vs. Franklin 2,"Belo Horizonte, Minas Gerais, Brazil",Mineirinho Arena,16643
2012-06-22,http://ufcstats.com/event-details/505934897b8b4824,UFC on FX: Maynard vs. Guida,"Atlantic City, New Jersey, USA",Revel Casino Hotel,4652
2012-06-08,http://ufcstats.com/event-details/49590e0508b2c19f,UFC on FX: Johnson vs. McCall,"Sunrise, Florida, USA",Amerant Bank Arena,6635
2012-06-01,http://ufcstats.com/event-details/96087e90d900f0ef,The Ultimate Fighter: Live Finale,"Las Vegas, Nevada, USA",Palms Casino Resort,1628
2012-05-26,http://ufcstats.com/event-details/4985113c0928aa62,UFC 146: Dos Santos vs. Mir,"Las Vegas, Nevada, USA",MGM Grand Garden Arena,14674
2012-05-15,http://ufcstats.com/event-details/8caca5857ce0e30b,UFC on FUEL TV: Korean Zombie vs. Poirier,"Fairfax, Virginia, USA",EagleBank Arena,6668
2012-05-05,http://ufcstats.com/event-details/5898357a45a73674,UFC on FOX: Diaz vs. Miller,"East Rutherford, New Jersey, USA",Meadowlands Arena,10788
2012-04-21,http://ufcstats.com/event-details/155bfc7ed36622df,UFC 145: Jones vs. Evans,"Atlanta, Georgia, USA",Philips Arena,15545
2012-04-14,http://ufcstats.com/event-details/21f2974fd08085e3,UFC on FUEL TV: Gustafsson vs. Silva,"Stockholm, Sweden",Avicii Arena,15428
2012-03-02,http://ufcstats.com/event-details/b5ea750025697880,UFC on FX: Alves vs. Kampmann,"Sydney, New South Wales, Australia",Qudos Bank Arena,14537
2012-02-25,http://ufcstats.com/event-details/8377c5572cb356f3,UFC 144: Edgar vs. Henderson,"Saitama, Japan",Saitama Super Arena,21000
2012-02-15,http://ufcstats.com/event-details/0a97691039c4bbfb,UFC on FUEL TV: Sanchez vs. Ellenberger,"Omaha, Nebraska, USA",Omaha Civic Auditorium,6283
2012-02-04,http://ufcstats.com/event-details/df2cf66d8c0123db,UFC 143: Diaz vs. Condit,"Las Vegas, Nevada, USA",Mandalay Bay Events Center,9015
2012-01-28,http://ufcstats.com/event-details/c3c23c99477c041b,UFC on FOX: Evans vs. Davis,"Chicago, Illinois, USA",United Center,16963
2012-01-20,http://ufcstats.com/event-details/4d74641fac830182,UFC on FX: Guillard vs. Miller,"Nashville, Tennessee, USA",Bridgestone Arena,7728
2012-01-14,http://ufcstats.com/event-details/18524b46c570730b,UFC 142: Aldo vs. Mendes,"Rio de Janeiro, Brazil",HSBC Arena,10605
2011-12-30,http://ufcstats.com/event-details/91720876db0ee468,UFC 141: Lesnar vs. Overeem,"Las Vegas, Nevada, USA",MGM Grand Garden Arena,13793
2011-12-10,http://ufcstats.com/event-details/6d7886b094b471ac,UFC 140: Jones vs. Machida,"Toronto, Ontario, Canada",Scotiabank Arena,18303
2011-12-03,http://ufcstats.com/event-details/1f5f75658551f2d3,The Ultimate Fighter: Team Bisping vs. Team Miller Finale,"Las Vegas, Nevada, USA",Palms Casino Resort,1909
2011-11-19,http://ufcstats.com/event-details/0ec821423baa26bd,UFC 139: Shogun vs. Henderson,"San Jose, California, USA",SAP Center,13832
2011-11-12,http://ufcstats.com/event-details/1c061eb6e29eaa0a,UFC on FOX: Velasquez vs. Dos Santos,"Anaheim, California, USA",Honda Center,11607
2011-11-05,http://ufcstats.com/event-details/e780ccc79a209985,UFC 138: Leben vs. Munoz,"Birmingham, England, United Kingdom",LG Arena,10823
2011-10-29,http://ufcstats.com/event-details/8788beb528894f33,UFC 137: Penn vs. Diaz,"Las Vegas, Nevada, USA",Mandalay Bay Events Center,10313
2011-10-08,http://ufcstats.com/event-details/7d5b12de1625984e,UFC 136: Edgar vs. Maynard 3,"Houston, Texas, USA",Toyota Center,16164
2011-10-01,http://ufcstats.com/event-details/44f9c777fed7ca03,UFC Live: Cruz vs. Johnson,"Washington, DC, USA",Capital One Arena,9380
2011-09-24,http://ufcstats.com/event-details/73ef22f25d0f70e2,UFC 135: Jones vs. Rampage,"Denver, Colorado, USA",Pepsi Center,16344
2011-09-17,http://ufcstats.com/event-details/1ffc38f67785797b,UFC Fight Night: Shields vs. Ellenberger,"New Orleans, Louisiana, USA",Ernest N. Morial Convention Center,7112
2011-08-27,http://ufcstats.com/event-details/18968f97ad34f15c,UFC 134: Silva vs. Okami,"Rio de Janeiro, Brazil",HSBC Arena,14000
2011-08-14,http://ufcstats.com/event-details/4c8d6fde2dde07c4,UFC Live: Hardy vs. Lytle,"Milwaukee, Wisconsin, USA",Bradley Center,6751
2011-08-06,http://ufcstats.com/event-details/f1f9e48a0d150757,UFC 133: Evans vs. Ortiz 2,"Philadelphia, Pennsylvania, USA",Wells Fargo Center,11583
2011-07-02,http://ufcstats.com/event-details/83fd97284f4bb4a4,UFC 132: Cruz vs. Faber,"Las Vegas, Nevada, USA",MGM Grand Garden Arena,13109
2011-06-26,http://ufcstats.com/event-details/d023ae89a2a4a41e,UFC Live: Kongo vs. Barry,"Pittsburgh, Pennsylvania, USA",Consol Energy Center,7792
2011-06-11,http://ufcstats.com/event-details/aac5ac38148f0528,UFC 131: Dos Santos vs. Carwin,"Vancouver, British Columbia, Canada",Rogers Arena,14685
2011-06-04,http://ufcstats.com/event-details/3ba3b5cc94498437,The Ultimate Fighter: Team Lesnar vs. Team dos Santos Finale,"Las Vegas, Nevada, USA",Palms Casino Resort,2053
2011-05-28,http://ufcstats.com/event-details/b732b326c362fb62,UFC 130: Rampage vs. Hamill,"Las Vegas, Nevada, USA",MGM Grand Garden Arena,12753
2011-04-30,http://ufcstats.com/event-details/2db7fa8db6bc9632,UFC 129: St-Pierre vs. Shields,"Toronto, Ontario, Canada",Rogers Centre,55724
2011-03-26,http://ufcstats.com/event-details/8a59d346dc976a10,UFC Fight Night: Nogueira vs. Davis,"Seattle, Washington, USA",Climate Pledge Arena,13741
2011-03-19,http://ufcstats.com/event-details/1411c630ba711b64,UFC 128: Shogun vs. Jones,"Newark, New Jersey, USA",Prudential Center,12619
2011-03-03,http://ufcstats.com/event-details/a54fc2d6fc224dc3,UFC Live: Sanchez vs. Kampmann,"Louisville, Kentucky, USA",KFC Yum! Center,8319
2011-02-26,http://ufcstats.com/event-details/88a9bc81271ccd89,UFC 127: Penn vs. Fitch,"Sydney, New South Wales, Australia",Qudos Bank Arena,18186
2011-02-05,http://ufcstats.com/event-details/65ddc8a9ac4e8531,UFC 126: Silva vs. Belfort,"Las Vegas, Nevada, USA",Mandalay Bay Events Center,10893
2011-01-22,http://ufcstats.com/event-details/282fa667ff9c51ed,UFC Fight Night: Fight for the Troops 2,"Killeen, Texas, USA",Fort Hood,3200
2011-01-01,http://ufcstats.com/event-details/d1152823307d7e7c,UFC 125: Resolution,"Las Vegas, Nevada, USA",MGM Grand Garden Arena,12874
2010-12-11,http://ufcstats.com/event-details/132f860d02953f4c,UFC 124: St-Pierre vs. Koscheck 2,"Montreal, Quebec, Canada",Bell Centre,23152
2010-12-04,http://ufcstats.com/event-details/5d7bdab5e03e3216,The Ultimate Fighter: Team GSP vs. Team Koscheck Finale,"Las Vegas, Nevada, USA",Palms Casino Resort,1903
2010-11-20,http://ufcstats.com/event-details/dd992d569aaebee6,UFC 123: Rampage vs. Machida,"Auburn Hills, Michigan, USA",The Palace of Auburn Hills,16404
2010-11-13,http://ufcstats.com/event-details/0ff11cc094e887bc,UFC 122: Marquardt vs. Okami,"Oberhausen, North Rhine-Westphalia, Germany",Rudolf Weber-Arena,8421
2010-10-23,http://ufcstats.com/event-details/afdb76fbd86f6d11,UFC 121: Lesnar vs. Velasquez,"Anaheim, California, USA",Honda Center,14856
2010-10-16,http://ufcstats.com/event-details/d512d9f204059f57,UFC 120: Bisping vs. Akiyama,"London, England, United Kingdom",The O2 Arena,17133
2010-09-25,http://ufcstats.com/event-details/ad32471f01e7b1a5,UFC 119: Mir vs. Cro Cop,"Indianapolis, Indiana, USA",Conseco Fieldhouse,15811
2010-09-15,http://ufcstats.com/event-details/acff437707625fc7,UFC Fight Night: Marquardt vs. Palhares,"Austin, Texas, USA",Frank Erwin Center,7724
2010-08-28,http://ufcstats.com/event-details/054defd5420a551f,UFC 118: Edgar vs. Penn 2,"Boston, Massachusetts, USA",TD Garden,14168
2010-08-07,http://ufcstats.com/event-details/2f3f12002564bb55,UFC 117: Silva vs. Sonnen,"Oakland, California, USA",Oracle Arena,12971
2010-08-01,http://ufcstats.com/event-details/f12f979b657ab876,UFC Live: Jones vs. Matyushenko,"San Diego, California, USA",Pechanga Arena,8132
2010-07-03,http://ufcstats.com/event-details/140745cbbcb023ac,UFC 116: Lesnar vs. Carwin,"Las Vegas, Nevada, USA",MGM Grand Garden Arena,12740
2010-06-19,http://ufcstats.com/event-details/9bcf8603ceb25680,The Ultimate Fighter: Team Liddell vs. Team Ortiz Finale,"Las Vegas, Nevada, USA",Palms Casino Resort,1708
2010-06-12,http://ufcstats.com/event-details/cfb65863d5099327,UFC 115: Liddell vs. Franklin,"Vancouver, British Columbia, Canada",General Motors Place,17669
2010-05-29,http://ufcstats.com/event-details/bfc2fc38a0e20211,UFC 114: Rampage vs. Evans,"Las Vegas, Nevada, USA",MGM Grand Garden Arena,14996
2010-05-08,http://ufcstats.com/event-details/d0c29452d3272603,UFC 113: Machida vs. Shogun 2,"Montreal, Quebec, Canada",Bell Centre,17647
2010-04-10,http://ufcstats.com/event-details/24b033b3daf1c9df,UFC 112: Invincible,"Abu Dhabi, United Arab Emirates","Concert Arena, Yas Island",11008
2010-03-31,http://ufcstats.com/event-details/3ed134d85dfbd7b4,UFC Fight Night: Florian vs. Gomi,"Charlotte, North Carolina, USA",Bojangles Coliseum,7700
2010-03-27,http://ufcstats.com/event-details/c80095f6092271a7,UFC 111: St-Pierre vs. Hardy,"Newark, New Jersey, USA",Prudential Center,17000
2010-03-21,http://ufcstats.com/event-details/3795fca327cbcf23,UFC Live: Vera vs. Jones,"Broomfield, Colorado, USA",1stBank Center,6443
2010-02-20,http://ufcstats.com/event-details/49efbdc6c9f650c4,UFC 110: Nogueira vs. Velasquez,"Sydney, New South Wales, Australia",Qudos Bank Arena,17831
2010-02-06,http://ufcstats.com/event-details/15edcf67ccf5be84,UFC 109: Relentless,"Las Vegas, Nevada, USA",Mandalay Bay Events Center,10753
2010-01-11,http://ufcstats.com/event-details/58bc81376286b3d3,UFC Fight Night: Maynard vs. Diaz,"Fairfax, Virginia, USA",Patriot Center,8078
2010-01-02,http://ufcstats.com/event-details/a6d8bfe9e0c8153b,UFC 108: Evans vs. Silva,"Las Vegas, Nevada, USA",MGM Grand Garden Arena,13529
2009-12-12,http://ufcstats.com/event-details/821cd80aab70d5f9,UFC 107: Penn vs. Sanchez,"Memphis, Tennessee, USA",FedExForum,13896
2009-12-05,http://ufcstats.com/event-details/91d73ee59347ac16,The Ultimate Fighter: Heavyweights Finale,"Las Vegas, Nevada, USA",Palms Casino Resort,1791
2009-11-21,http://ufcstats.com/event-details/84a067c46306a737,UFC 106: Ortiz vs. Griffin 2,"Las Vegas, Nevada, USA",Mandalay Bay Events Center,10529
2009-11-14,http://ufcstats.com/event-details/fa8b9e6b0c2269f8,UFC 105: Couture vs. Vera,"Manchester, England, United Kingdom",Manchester Evening News Arena,16693
2009-10-24,http://ufcstats.com/event-details/7c0847d3854a95f2,UFC 104: Machida vs. Shogun,"Los Angeles, California, USA",Crypto.com Arena,14892
2009-09-19,http://ufcstats.com/event-details/896c322f56b8be5a,UFC 103: Franklin vs. Belfort,"Dallas, Texas, USA",American Airlines Center,17428
2009-09-16,http://ufcstats.com/event-details/a8ea84cbe1655f0a,UFC Fight Night: Diaz vs. Guillard,"Oklahoma City, Oklahoma, USA",Cox Convention Center,9490
2009-08-29,http://ufcstats.com/event-details/c6a33ff198aaaeeb,UFC 102: Couture vs. Nogueira,"Portland, Oregon, USA",Rose Garden,16088
2009-08-08,http://ufcstats.com/event-details/48d1f690b763934c,UFC 101: Declaration,"Philadelphia, Pennsylvania, USA",Wachovia Center,17411
2009-07-11,http://ufcstats.com/event-details/0ee783aa00e468f0,UFC 100,"Las Vegas, Nevada, USA",Mandalay Bay Events Center,10871
2009-06-20,http://ufcstats.com/event-details/4908c5ee68a50ee5,The Ultimate Fighter: United States vs. United Kingdom Finale,"Las Vegas, Nevada, USA",Palms Casino Resort,2217
2009-06-13,http://ufcstats.com/event-details/cb6783c39c01d896,UFC 99: The Comeback,"Cologne, North Rhine-Westphalia, Germany",Lanxess Arena,12854
2009-05-23,http://ufcstats.com/event-details/c4b6099f0d25f75e,UFC 98: Evans vs. Machida,"Las Vegas, Nevada, USA",MGM Grand Garden Arena,12606
2009-04-18,http://ufcstats.com/event-details/1652f3213655b935,UFC 97: Redemption,"Montreal, Quebec, Canada",Bell Centre,21451
2009-04-01,http://ufcstats.com/event-details/04d5718ed2661e8c,UFC Fight Night: Condit vs. Kampmann,"Nashville, Tennessee, USA",Sommet Center,10267
2009-03-07,http://ufcstats.com/event-details/29b5791e51e7e832,UFC 96: Jackson vs. Jardine,"Columbus, Ohio, USA",Nationwide Arena,17033
2009-02-21,http://ufcstats.com/event-details/7d21de9c6d7c98b2,UFC 95: Sanchez vs. Stevenson,"London, England, United Kingdom",The O2 Arena,13268
2009-02-07,http://ufcstats.com/event-details/d1759b2b7be9be56,UFC Fight Night: Lauzon vs. Stephens,"Tampa, Florida, USA",USF Sun Dome,7596
2009-01-31,http://ufcstats.com/event-details/2a542ee8a8b83559,UFC 94: St-Pierre vs. Penn 2,"Las Vegas, Nevada, USA",MGM Grand Garden Arena,14885
2009-01-17,http://ufcstats.com/event-details/68c6cd5287b473a7,UFC 93: Franklin vs. Henderson,"Dublin, Leinster, Ireland",3Arena,9369
2008-12-27,http://ufcstats.com/event-details/23ab42947c1990e3,UFC 92: The Ultimate 2008,"Las Vegas, Nevada, USA",MGM Grand Garden Arena,14166
2008-12-13,http://ufcstats.com/event-details/ea398c802d9998ee,The Ultimate Fighter: Team Nogueira vs. Team Mir Finale,"Las Vegas, Nevada, USA",Palms Casino Resort,1853
2008-12-10,http://ufcstats.com/event-details/30cd319d39ee689b,UFC Fight Night - Fight for the Troops,"Fayetteville, North Carolina, USA",Crown Coliseum,8500
2008-11-15,http://ufcstats.com/event-details/a2b06ca02bca14c0,UFC 91: Couture vs. Lesnar,"Las Vegas, Nevada, USA",MGM Grand Garden Arena,14272
2008-10-25,http://ufcstats.com/event-details/c670aa48827d6be6,UFC 90: Silva vs. Cote,"Rosemont, Illinois, USA",Allstate Arena,15359
2008-10-18,http://ufcstats.com/event-details/312f47c3d2f83ffa,UFC 89: Bisping vs. Leben,"Birmingham, England, United Kingdom",National Indoor Arena,9515
2008-09-17,http://ufcstats.com/event-details/279093302a6f44b3,UFC Fight Night: Diaz vs. Neer,"Omaha, Nebraska, USA",Omaha Civic Auditorium,9103
2008-09-06,http://ufcstats.com/event-details/0db70ca89e1c7374,UFC 88: Breakthrough,"Atlanta, Georgia, USA",State Farm Arena,14736
2008-08-09,http://ufcstats.com/event-details/19ffeb5e3fffd6d5,UFC 87: Seek And Destroy,"Minneapolis, Minnesota, USA",Target Center,15087
2008-07-19,http://ufcstats.com/event-details/46f11d15c0134fe3,UFC: Silva vs. Irvin,"Las Vegas, Nevada, USA",Palms Casino Resort,2071
2008-07-05,http://ufcstats.com/event-details/bf12aca029bfcc47,UFC 86: Jackson vs. Griffin,"Las Vegas, Nevada, USA",Mandalay Bay Events Center,10990
2008-06-21,http://ufcstats.com/event-details/2299605af59fd309,The Ultimate Fighter: Team Rampage vs. Team Forrest Finale,"Las Vegas, Nevada, USA",Palms Casino Resort,1853
2008-06-07,http://ufcstats.com/event-details/2efbc83a6b9b7f86,UFC 85: Bedlam,"London, England, United Kingdom",The O2 Arena,15327
2008-05-24,http://ufcstats.com/event-details/2549d63da9c456cb,UFC 84: Ill Will,"Las Vegas, Nevada, USA",MGM Grand Garden Arena,14773
2008-04-19,http://ufcstats.com/event-details/ad047e3073a775f3,UFC 83: Serra vs. St-Pierre 2,"Montreal, Quebec, Canada",Bell Centre,21390
2008-04-02,http://ufcstats.com/event-details/b9e871af730f826c,UFC Fight Night: Florian vs. Lauzon,"Broomfield, Colorado, USA",Broomfield Event Center,6742
2008-03-01,http://ufcstats.com/event-details/598a58db87b890ee,UFC 82: Pride of a Champion,"Columbus, Ohio, USA",Nationwide Arena,16431
2008-02-02,http://ufcstats.com/event-details/597db668b01c442c,UFC 81: Breaking Point,"Las Vegas, Nevada, USA",Mandalay Bay Events Center,10583
2008-01-23,http://ufcstats.com/event-details/33e33d51f289d2a1,UFC Fight Night: Swick vs. Burkman,"Las Vegas, Nevada, USA",Palms Casino Resort,1900
2008-01-19,http://ufcstats.com/event-details/a24e080000fa7a35,UFC 80: Rapid Fire,"Newcastle, England, United Kingdom",Metro Radio Arena,8412
2007-12-29,http://ufcstats.com/event-details/7269329bd87eb479,UFC 79: Nemesis,"Las Vegas, Nevada, USA",Mandalay Bay Events Center,11075
2007-12-08,http://ufcstats.com/event-details/df85d6ec3493d120,The Ultimate Fighter: Team Hughes vs. Team Serra Finale,"Las Vegas, Nevada, USA",Palms Casino Resort,
2007-11-17,http://ufcstats.com/event-details/1d147d4163a6989b,UFC 78: Validation,"Newark, New Jersey, USA",Prudential Center,14071
2007-10-20,http://ufcstats.com/event-details/91181b29be041f1c,UFC 77: Hostile Territory,"Cincinnati, Ohio, USA",U.S. Bank Arena,16054
2007-09-22,http://ufcstats.com/event-details/bad28b7b34f334de,UFC 76: Knockout,"Anaheim, California, USA",Honda Center,13770
2007-09-19,http://ufcstats.com/event-details/f341f9551ba744e2,UFC Fight Night: Thomas vs. Florian,"Las Vegas, Nevada, USA",Palms Casino Resort,
2007-09-08,http://ufcstats.com/event-details/0aa92558424ced9e,UFC 75: Champion vs. Champion,"London, England, United Kingdom",The O2 Arena,16235
2007-08-25,http://ufcstats.com/event-details/a5c53b3ddb31cc7d,UFC 74: Respect,"Las Vegas, Nevada, USA",Mandalay Bay Events Center,11065
2007-07-07,http://ufcstats.com/event-details/2a6f8136da1e52c0,UFC 73: Stacked,"Sacramento, California, USA",ARCO Arena,13183
2007-06-23,http://ufcstats.com/event-details/e7ec11096eac0282,The Ultimate Fighter: Team Pulver vs. Team Penn Finale,"Las Vegas, Nevada, USA",Palms Casino Resort,
2007-06-16,http://ufcstats.com/event-details/5ca158b1cc9cb242,UFC 72: Victory,"Belfast, Northern Ireland, United Kingdom",The Odyssey,7850
2007-06-12,http://ufcstats.com/event-details/304fcd812f12c589,UFC Fight Night: Stout vs. Fisher,"Hollywood, Florida, USA",Seminole Hard Rock Hotel and Casino,
2007-05-26,http://ufcstats.com/event-details/2e04a3b4a2011b97,UFC 71: Liddell vs. Jackson,"Las Vegas, Nevada, USA",MGM Grand Garden Arena,14728
2007-04-21,http://ufcstats.com/event-details/4604ab1de9058474,UFC 70: Nations Collide,"Manchester, England, United Kingdom",Manchester Evening News Arena,15114
2007-04-07,http://ufcstats.com/event-details/c1684f00c626f4c0,UFC 69: Shootout,"Houston, Texas, USA",Toyota Center,15269
2007-04-05,http://ufcstats.com/event-details/a6c2f5381d575920,UFC Fight Night: Stevenson vs. Guillard,"Las Vegas, Nevada, USA",Palms Casino Resort,1734
2007-03-03,http://ufcstats.com/event-details/de3ed2e152520c8d,UFC 68: The Uprising,"Columbus, Ohio, USA",Nationwide Arena,19079
2007-02-03,http://ufcstats.com/event-details/63b65af1c5cb02cb,UFC 67: All or Nothing,"Las Vegas, Nevada, USA",Mandalay Bay Events Center,10787
2007-01-25,http://ufcstats.com/event-details/13c4313ed0f744f3,UFC Fight Night: Evans vs. Salmon,"Hollywood, Florida, USA",Seminole Hard Rock Hotel and Casino,5287
2006-12-30,http://ufcstats.com/event-details/ee5df903f80c6816,UFC 66: Liddell vs. Ortiz 2,"Las Vegas, Nevada, USA",MGM Grand Garden Arena,13671
2006-12-13,http://ufcstats.com/event-details/21b8a0f5c231096f,UFC Fight Night: Sanchez vs. Riggs,"San Diego, California, USA",Marine Corps Air Station Miramar,3000
2006-11-18,http://ufcstats.com/event-details/3fed746acfd026dd,UFC 65: Bad Intentions,"Sacramento, California, USA",ARCO Arena,14666
2006-11-11,http://ufcstats.com/event-details/baf942f4bcb09894,The Ultimate Fighter: The Comeback Finale,"Las Vegas, Nevada, USA",Hard Rock Hotel and Casino,1000
2006-10-14,http://ufcstats.com/event-details/13b2f59210dda9cc,UFC 64: Unstoppable,"Las Vegas, Nevada, USA",Mandalay Bay Events Center,10173
2006-10-10,http://ufcstats.com/event-details/577ec7e108b94be3,Ortiz vs. Shamrock 3: The Final Chapter,"Hollywood, Florida, USA",Seminole Hard Rock Hotel and Casino,3510
2006-09-23,http://ufcstats.com/event-details/13e62d766b709aa6,UFC 63: Hughes vs. Penn,"Anaheim, California, USA",Honda Center,12604
2006-08-26,http://ufcstats.com/event-details/f717b6002486f73f,UFC 62: Liddell vs. Sobral,"Las Vegas, Nevada, USA",Mandalay Bay Events Center,10503
2006-08-17,http://ufcstats.com/event-details/46c8ec317aff28ac,UFC Fight Night 6,"Las Vegas, Nevada, USA",Red Rock Resort Spa and Casino,1412
2006-07-08,http://ufcstats.com/event-details/f70144caea5c4c80,UFC 61: Bitter Rivals,"Las Vegas, Nevada, USA",Mandalay Bay Events Center,11167
2006-06-28,http://ufcstats.com/event-details/445a98acb8985970,UFC Fight Night 5,"Las Vegas, Nevada, USA",Hard Rock Hotel and Casino,606
2006-06-24,http://ufcstats.com/event-details/1dab0d1d81dd06db,The Ultimate Fighter: Team Ortiz vs. Team Shamrock Finale,"Las Vegas, Nevada, USA",Hard Rock Hotel and Casino,849
2006-05-27,http://ufcstats.com/event-details/a54a35a670d8e852,UFC 60: Hughes vs. Gracie,"Los Angeles, California, USA",Staples Center,14765
2006-04-15,http://ufcstats.com/event-details/03688dc3c3af3ac1,UFC 59: Reality Check,"Anaheim, California, USA",Honda Center,13814
2006-04-06,http://ufcstats.com/event-details/b361180739bed4b0,UFC Fight Night 4,"Las Vegas, Nevada, USA",Hard Rock Hotel and Casino,843
2006-03-04,http://ufcstats.com/event-details/0e9869d712e81f8f,UFC 58: USA vs. Canada,"Las Vegas, Nevada, USA",Mandalay Bay Events Center,9569
2006-02-04,http://ufcstats.com/event-details/977081bc01197656,UFC 57: Liddell vs. Couture 3,"Las Vegas, Nevada, USA",Mandalay Bay Events Center,10659
2006-01-16,http://ufcstats.com/event-details/2ee09ec2a0695eb9,UFC Fight Night 3,"Las Vegas, Nevada, USA",Hard Rock Hotel and Casino,1008
2005-11-19,http://ufcstats.com/event-details/c7e9d15cfce52f1d,UFC 56: Full Force,"Las Vegas, Nevada, USA",MGM Grand Garden Arena,12000
2005-11-05,http://ufcstats.com/event-details/31ceaf0e670c1578,The Ultimate Fighter: Team Hughes vs. Team Franklin Finale,"Las Vegas, Nevada, USA",Hard Rock Hotel and Casino,
2005-10-07,http://ufcstats.com/event-details/271fe91f4ba9d2c5,UFC 55: Fury,"Uncasville, Connecticut, USA",Mohegan Sun Arena,8000
2005-10-03,http://ufcstats.com/event-details/efaf544314bb5c2e,UFC Fight Night 2,"Las Vegas, Nevada, USA",Hard Rock Hotel and Casino,
2005-08-20,http://ufcstats.com/event-details/669a3cb6e394f515,UFC 54: Boiling Point,"Las Vegas, Nevada, USA",MGM Grand Garden Arena,13520
2005-08-06,http://ufcstats.com/event-details/3f24c96753dbd9f9,UFC Fight Night 1,"Las Vegas, Nevada, USA",Cox Pavilion,
2005-06-04,http://ufcstats.com/event-details/d3711d3784b76255,UFC 53: Heavy Hitters,"Atlantic City, New Jersey, USA",Boardwalk Hall,12000
2005-04-16,http://ufcstats.com/event-details/c933d423ebdbbbdb,UFC 52: Couture vs. Liddell 2,"Las Vegas, Nevada, USA",MGM Grand Garden Arena,14562
2005-04-09,http://ufcstats.com/event-details/fbbde91f7bc2d3c5,The Ultimate Fighter: Team Couture vs. Team Liddell Finale,"Las Vegas, Nevada, USA",Cox Pavilion,
2005-02-05,http://ufcstats.com/event-details/85d905f7c4f5a1af,UFC 51: Super Saturday,"Las Vegas, Nevada, USA",Mandalay Bay Events Center,11072
2004-10-22,http://ufcstats.com/event-details/ce783bf73b5131f9,UFC 50: The War Of '04,"Atlantic City, New Jersey, USA",Boardwalk Hall,9000
2004-08-21,http://ufcstats.com/event-details/b4bc2e3353a770b5,UFC 49: Unfinished Business,"Las Vegas, Nevada, USA",MGM Grand Garden Arena,12100
2004-06-19,http://ufcstats.com/event-details/429e7d3725852ce9,UFC 48: Payback,"Las Vegas, Nevada, USA",Mandalay Bay Events Center,10000
2004-04-02,http://ufcstats.com/event-details/e8fb8e53bc2e29d6,UFC 47: It's On!,"Las Vegas, Nevada, USA",Mandalay Bay Events Center,11437
2004-01-31,http://ufcstats.com/event-details/94609dd91731d428,UFC 46: Supernatural,"Las Vegas, Nevada, USA",Mandalay Bay Events Center,10700
2003-11-21,http://ufcstats.com/event-details/e670f8cc2969a789,UFC 45: Revolution,"Uncasville, Connecticut, USA",Mohegan Sun Arena,9200
2003-09-26,http://ufcstats.com/event-details/c61f66d8c3fd5f07,UFC 44: Undisputed,"Las Vegas, Nevada, USA",Mandalay Bay Events Center,10400
2003-06-06,http://ufcstats.com/event-details/108afe61a26bcbf4,UFC 43: Meltdown,"Las Vegas, Nevada, USA",Thomas & Mack Center,9800
2003-04-25,http://ufcstats.com/event-details/ae58685caf8e4a0d,UFC 42: Sudden Impact,"Miami, Florida, USA",American Airlines Arena,7500
2003-02-28,http://ufcstats.com/event-details/bba678d312590087,UFC 41: Onslaught,"Atlantic City, New Jersey, USA",Boardwalk Hall,11707
2002-11-22,http://ufcstats.com/event-details/e06fd1260ac865a7,UFC 40: Vendetta,"Las Vegas, Nevada, USA",MGM Grand Garden Arena,13770
2002-09-27,http://ufcstats.com/event-details/0cf935519d439ba6,UFC 39: The Warriors Return,"Uncasville, Connecticut, USA",Mohegan Sun Arena,7800
2002-07-13,http://ufcstats.com/event-details/1dc56b59cb28425d,UFC 38: Brawl at the Hall,"London, England, United Kingdom",Royal Albert Hall,5000
2002-06-22,http://ufcstats.com/event-details/9ccdd2ce45903f34,UFC 37.5: As Real As It Gets,"Las Vegas, Nevada, USA",Bellagio,3700
2002-05-10,http://ufcstats.com/event-details/9fd1f08dd4aec14a,UFC 37: High Impact,"Bossier City, Louisiana, USA",CenturyTel Center,7200
2002-03-22,http://ufcstats.com/event-details/02fc8f50f56eb307,UFC 36: Worlds Collide,"Las Vegas, Nevada, USA",MGM Grand Garden Arena,10000
2002-01-11,http://ufcstats.com/event-details/946f341df6472ee0,UFC 35: Throwdown,"Uncasville, Connecticut, USA",Mohegan Sun Arena,9600
2001-11-02,http://ufcstats.com/event-details/4dc496aa0cfc0d95,UFC 34: High Voltage,"Las Vegas, Nevada, USA",MGM Grand Garden Arena,9000
2001-09-28,http://ufcstats.com/event-details/c75b99887c8c3f5a,UFC 33: Victory in Vegas,"Las Vegas, Nevada, USA",Mandalay Bay Events Center,9500
2001-06-29,http://ufcstats.com/event-details/7b9aa973e5c04624,UFC 32: Showdown in the Meadowlands,"East Rutherford, New Jersey, USA",Continental Airlines Arena,12500
2001-05-04,http://ufcstats.com/event-details/20bd6c3e03c46ee6,UFC 31: Locked and Loaded,"Atlantic City, New Jersey, USA",Etess Arena at Trump Taj Mahal,
2001-02-23,http://ufcstats.com/event-details/2b1587a3376ab743,UFC 30: Battle on the Boardwalk,"Atlantic City, New Jersey, USA",Etess Arena at Trump Taj Mahal,3000
2000-12-16,http://ufcstats.com/event-details/08ae5cd9aef7ddd3,UFC 29: Defense of the Belts,"Tokyo, Japan",Differ Ariake Arena,1414
2000-11-17,http://ufcstats.com/event-details/da6dfd09cca1d705,UFC 28: High Stakes,"Atlantic City, New Jersey, USA",Etess Arena at Trump Taj Mahal,
2000-09-22,http://ufcstats.com/event-details/31652c9267606d54,UFC 27: Ultimate Bad Boyz,"New Orleans, Louisiana, USA",Lakefront Arena,
2000-06-09,http://ufcstats.com/event-details/cedfdf8d423d500c,UFC 26: Ultimate Field Of Dreams,"Cedar Rapids, Iowa, USA",Five Seasons Events Center,1100
2000-04-14,http://ufcstats.com/event-details/d2b1c1317a39f6c6,UFC 25: Ultimate Japan 3,"Tokyo, Japan",Yoyogi National Gymnasium,
2000-03-10,http://ufcstats.com/event-details/20ec0061400178ca,UFC 24: First Defense,"Lake Charles, Louisiana, USA",Lake Charles Civic Center,
1999-11-19,http://ufcstats.com/event-details/a8fa0c4e95512806,UFC 23: Ultimate Japan 2,"Chiba, Japan",Tokyo Bay NK Hall,
1999-09-24,http://ufcstats.com/event-details/afaad7d6a581e307,UFC 22: Only One Can be Champion,"Lake Charles, Louisiana, USA",Lake Charles Civic Center,
1999-07-16,http://ufcstats.com/event-details/1a1a4d7a29041d77,UFC 21: Return of the Champions,"Cedar Rapids, Iowa, USA",Five Seasons Events Center,
1999-05-07,http://ufcstats.com/event-details/a7b48e18ca27795d,UFC 20: Battle for the Gold,"Birmingham, Alabama, USA",Boutwell Memorial Auditorium,
1999-03-05,http://ufcstats.com/event-details/a220be6d41d6f97d,UFC 19: Ultimate Young Guns,"Bay St. Louis, Mississippi, USA",Casino Magic Bay St. Louis,
1999-01-08,http://ufcstats.com/event-details/c9bbf1a0285a8076,UFC 18: The Road to the Heavyweight Title,"New Orleans, Louisiana, USA",Pontchartrain Center,
1998-10-16,http://ufcstats.com/event-details/32a3025d5db456ae,UFC - Ultimate Brazil,"Sao Paulo, Brazil",Ginásio da Portuguesa,
1998-05-15,http://ufcstats.com/event-details/4a01dc8376736ef5,UFC 17: Redemption,"Mobile, Alabama, USA",Mobile Civic Center,
1998-03-13,http://ufcstats.com/event-details/749685d24e2cac50,UFC 16: Battle in the Bayou,"New Orleans, Louisiana, USA",Pontchartrain Center,4600
1997-12-21,http://ufcstats.com/event-details/29f935654825331b,UFC - Ultimate Japan,"Yokohama, Kanagawa, Japan",Yokohama Arena,5000
1997-10-17,http://ufcstats.com/event-details/07a18ae55dfc3cd9,UFC 15: Collision Course,"Bay St. Louis, Mississippi, USA",Casino Magic Bay St. Louis,
1997-07-27,http://ufcstats.com/event-details/dc950d59dc590aca,UFC 14: Showdown,"Birmingham, Alabama, USA",Boutwell Memorial Auditorium,5000
1997-05-30,http://ufcstats.com/event-details/5bd533d50c8e7b8a,UFC 13: The Ultimate Force,"Augusta, Georgia, USA",Augusta Civic Center,5100
1997-02-07,http://ufcstats.com/event-details/96eff1a628adcc7f,UFC 12: Judgement Day,"Dothan, Alabama, USA",Dothan Civic Center,3100
1996-12-07,http://ufcstats.com/event-details/9b5b5a75523728f3,UFC - Ultimate Ultimate '96,"Birmingham, Alabama, USA",Fair Park Arena,6000
1996-09-20,http://ufcstats.com/event-details/6ceff86fae4f6b3b,UFC 11: The Proving Ground,"Augusta, Georgia, USA",Augusta Civic Center,4500
1996-07-12,http://ufcstats.com/event-details/aee8eecfc4bfb1e7,UFC 10: The Tournament,"Birmingham, Alabama, USA",Fair Park Arena,4300
1996-05-17,http://ufcstats.com/event-details/a390eb8a9b2df298,UFC 9: Motor City Madness,"Detroit, Michigan, USA",Cobo Arena,10000
1996-02-16,http://ufcstats.com/event-details/b63e800c18e011b5,UFC 8: David vs. Goliath,"San Juan, Puerto Rico",Coliseo Rubén Rodríguez,13000
1995-12-16,http://ufcstats.com/event-details/31bbd46d57dfbcb7,UFC - Ultimate Ultimate '95,"Denver, Colorado, USA",Mammoth Gardens,2800
1995-09-08,http://ufcstats.com/event-details/5af480a3b2e1726b,UFC 7: The Brawl in Buffalo,"Buffalo, New York, USA",Buffalo Memorial Auditorium,9000
1995-07-14,http://ufcstats.com/event-details/1c3f5e85b59ec710,UFC 6: Clash of the Titans,"Casper, Wyoming, USA",Casper Events Center,2700
1995-04-07,http://ufcstats.com/event-details/dedc3bb440d09554,UFC 5: The Return of the Beast,"Charlotte, North Carolina, USA",Independence Arena,6000
1994-12-16,http://ufcstats.com/event-details/b60391da771deefe,UFC 4: Revenge of the Warriors,"Tulsa, Oklahoma, USA",Expo Square Pavilion,5857
1994-09-09,http://ufcstats.com/event-details/1a49e0670dfaca31,UFC 3: The American Dream,"Charlotte, North Carolina, USA",Grady Cole Center,3000
1994-03-11,http://ufcstats.com/event-details/a6a9ab5a824e8f66,UFC 2: No Way Out,"Denver, Colorado, USA",Mammoth Gardens,2000
